"game_pk","ump"
747139,"Scott Barry"
747064,"Dan Bellino"
747061,"Laz Diaz"
747066,"Will Little"
747065,"Erich Bacchus"
747068,"Mike Estabrook"
746010,"Chad Fairchild"
746012,"Junior Valentine"
746013,"Carlos Torres"
746663,"Derek Thomas"
746662,"Ryan Blakney"
746659,"Sean Barber"
747067,"Jordan Baker"
747071,"Dan Merzel"
747070,"John Libka"
747069,"Stu Scheurwater"
744804,"Ryan Additon"
744807,"Erich Bacchus"
747090,"David Rackley"
747072,"Doug Eddings"
747076,"Malachi Moore"
747074,"Bill Miller"
747073,"Jansen Visconti"
747075,"Andy Fletcher"
747079,"Mike Muchlinski"
745536,"Edwin Moscoso"
745532,"Adam Hamari"
745533,"Paul Clemons"
745531,"Vic Carapazza"
745866,"Jeremie Rehak"
745864,"Clint Vondrak"
745865,"Mark Wegner"
747078,"Ramon De Jesus"
747077,"John Bacon"
747080,"Adrian Johnson"
747082,"Nestor Ceja"
747084,"Cory Blaser"
747083,"Todd Tichenor"
746186,"Rob Drake"
746190,"John Libka"
746189,"Charlie Ramos"
745298,"Dan Iassogna"
745301,"Adam Beck"
745302,"Jeremy Riggs"
745300,"CB Bucknor"
746517,"Junior Valentine"
746520,"Ramon De Jesus"
746523,"Jonathan Parra"
747081,"Ryan Wills"
747085,"Brian Walsh"
747086,"Carlos Torres"
747088,"Nestor Ceja"
747087,"Austin Jones"
747089,"Todd Tichenor"
747092,"Manny Gonzalez"
745960,"Mark Ripperger"
745958,"Lance Barrett"
745959,"Alfonso Márquez"
745795,"Ryan Additon"
745793,"Doug Eddings"
745792,"Gabe Morales"
745794,"Emil Jimenez"
747091,"Marvin Hudson"
747095,"Nick Mahrley"
747094,"Derek Thomas"
747096,"Larry Vanover"
747093,"David Rackley"
745385,"Tony Randazzo"
745392,"Phil Cuzzi"
745390,"Dan Bellino"
747178,"Manny Gonzalez"
747179,"Cory Blaser"
747180,"Paul Clemons"
747181,"Todd Tichenor"
747098,"Mike Estabrook"
747099,"Tripp Gibson"
747097,"Laz Diaz"
747103,"Sean Barber"
747100,"Ryan Additon"
747102,"Doug Eddings"
747101,"David Rackley"
747104,"David Arrieta"
747105,"Larry Vanover"
746816,"Chris Segal"
745158,"Mark Ripperger"
745157,"Lance Barrett"
745160,"Alfonso Márquez"
745727,"Chris Conroy"
745731,"Derek Thomas"
745729,"Mark Ripperger"
747106,"Jeremy Riggs"
747107,"Tony Randazzo"
747108,"Phil Cuzzi"
747109,"Chris Segal"
747113,"Nate Tomlinson"
747112,"David Rackley"
747026,"Malachi Moore"
747028,"Bill Miller"
747027,"Chad Whitson"
744849,"Andy Fletcher"
744848,"Jansen Visconti"
744845,"Tom Hanahan"
744844,"Adam Beck"
746950,"David Rackley"
746949,"Ramon De Jesus"
747110,"Rob Drake"
747111,"James Hoye"
747116,"John Libka"
747114,"Quinn Wolcott"
747117,"Will Little"
747115,"Nic Lentz"
747118,"Lance Barksdale"
745498,"John Tumpane"
745493,"Hunter Wendelstedt"
745501,"Nick Mahrley"
746874,"Ryan Additon"
746876,"Gabe Morales"
746875,"Chris Guccione"
747121,"Alex Tosi"
747119,"Phil Cuzzi"
747120,"Tom Hanahan"
747122,"Tony Randazzo"
747123,"Ramon De Jesus"
747124,"Junior Valentine"
747128,"Quinn Wolcott"
745825,"Rob Drake"
745828,"James Hoye"
745827,"John Libka"
747127,"Alan Porter"
747126,"Jim Wolf"
746153,"Cory Blaser"
746155,"Todd Tichenor"
746152,"Nestor Ceja"
745261,"Nic Lentz"
745260,"Gabe Morales"
745263,"Lance Barksdale"
747125,"Jim Wolf"
747131,"Brian Knight"
747129,"Chris Guccione"
747132,"Jonathan Parra"
747130,"Rob Drake"
747134,"James Hoye"
747133,"Brock Ballou"
747135,"Dan Iassogna"
747136,"Adam Beck"
746401,"Dan Bellino"
746400,"Alex Tosi"
746406,"Tony Randazzo"
746079,"Paul Clemons"
746082,"Brian O'Nora"
746084,"Brennan Miller"
747137,"Charlie Ramos"
747138,"Carlos Torres"
747142,"Junior Valentine"
747141,"Adam Hamari"
747140,"Mark Ripperger"
747143,"Alex MacKay"
746814,"Tom Hanahan"
746817,"Erich Bacchus"
745602,"Jeremie Rehak"
745599,"Bruce Dreckman"
745604,"Mark Wegner"
747147,"Stu Scheurwater"
747146,"Jordan Baker"
747145,"Alex Tosi"
747144,"Roberto Ortiz"
747149,"Lance Barrett"
747150,"Alfonso Márquez"
745929,"Mike Muchlinski"
745936,"Chris Segal"
745934,"Jansen Visconti"
745937,"Andy Fletcher"
746500,"Brian Walsh"
746503,"Rob Drake"
746502,"Doug Eddings"
747151,"Erich Bacchus"
747148,"Tripp Gibson"
747153,"Mike Estabrook"
747154,"Tony Randazzo"
747152,"Phil Cuzzi"
746345,"Lance Barrett"
746344,"Alfonso Márquez"
746343,"Mark Ripperger"
745289,"Ryan Additon"
745290,"Quinn Wolcott"
745293,"Chris Guccione"
747155,"Ramon De Jesus"
747157,"Junior Valentine"
747158,"Adrian Johnson"
747156,"Quinn Wolcott"
747159,"Bill Miller"
747161,"Sean Barber"
747162,"Emil Jimenez"
746918,"Lance Barksdale"
746917,"Scott Barry"
746920,"Nic Lentz"
746028,"Gabe Morales"
746029,"Doug Eddings"
746027,"Paul Clemons"
745051,"Dan Bellino"
745049,"Phil Cuzzi"
745054,"Tony Randazzo"
747163,"Mark Wegner"
747160,"Bruce Dreckman"
747165,"Jeremie Rehak"
747166,"Lance Barksdale"
747164,"Nic Lentz"
747168,"Will Little"
747169,"Derek Thomas"
746604,"John Tumpane"
746602,"D.J. Reyburn"
746600,"Charlie Ramos"
745468,"Jonathan Parra"
745474,"Junior Valentine"
745471,"Ramon De Jesus"
747170,"Carlos Torres"
747167,"Chad Fairchild"
747172,"Ryan Wills"
747173,"Adam Beck"
747171,"CB Bucknor"
747174,"Ben May"
746279,"Brian O'Nora"
746281,"Brennan Miller"
746280,"Jordan Baker"
746853,"Lance Barrett"
746852,"Alfonso Márquez"
746854,"Roberto Ortiz"
747176,"Gabe Morales"
747177,"Ryan Additon"
747175,"Doug Eddings"
745391,"Alex MacKay"
745395,"Bill Miller"
745398,"Chad Whitson"
746126,"Stu Scheurwater"
746128,"Jordan Baker"
746133,"Dan Merzel"
747182,"Brian Walsh"
747186,"Adam Hamari"
747183,"Alex Tosi"
747185,"Mike Muchlinski"
747184,"Jansen Visconti"
747188,"Andy Fletcher"
745566,"Ben May"
745564,"Dan Iassogna"
745562,"Adam Beck"
744841,"Paul Clemons"
744842,"Ryan Wills"
744843,"Chad Fairchild"
747189,"Marvin Hudson"
747187,"Nick Mahrley"
747191,"John Tumpane"
747192,"Edwin Moscoso"
747193,"Brian Walsh"
747190,"Adam Hamari"
745407,"Charlie Ramos"
745410,"Tripp Gibson"
745406,"Mike Estabrook"
745408,"Erich Bacchus"
747195,"Chris Guccione"
747196,"Brian Knight"
747194,"Ryan Additon"
745813,"Roberto Ortiz"
745812,"Mark Ripperger"
745820,"Lance Barrett"
745819,"Alfonso Márquez"
745011,"Emil Jimenez"
745017,"Todd Tichenor"
747197,"John Libka"
747199,"D.J. Reyburn"
747200,"Rob Drake"
746143,"Chad Fairchild"
746145,"Ryan Wills"
746146,"Carlos Torres"
747198,"Chris Segal"
747202,"Nate Tomlinson"
747201,"David Rackley"
747203,"Jordan Baker"
747205,"Stu Scheurwater"
747204,"Mark Carlson"
747042,"Bill Miller"
747041,"Chad Whitson"
747043,"John Bacon"
746715,"Edwin Moscoso"
746717,"Adam Hamari"
746718,"Vic Carapazza"
747206,"Phil Cuzzi"
747209,"Dan Bellino"
747208,"Alex Tosi"
747207,"Ramon De Jesus"
747210,"Junior Valentine"
747211,"Quinn Wolcott"
745265,"Bill Miller"
745266,"Chad Whitson"
745269,"Doug Eddings"
745188,"D.J. Reyburn"
745193,"Paul Clemons"
745191,"Brian O'Nora"
745353,"Stu Scheurwater"
745354,"Jordan Baker"
745352,"Dan Merzel"
745356,"Mark Carlson"
747212,"Nate Tomlinson"
747214,"Alan Porter"
747213,"Sean Barber"
747216,"Junior Valentine"
747215,"Adrian Johnson"
747217,"Quinn Wolcott"
746573,"Lance Barksdale"
746571,"Emil Jimenez"
746569,"Nic Lentz"
747219,"Brian Walsh"
747220,"Scott Barry"
747218,"Larry Vanover"
747222,"Alex Tosi"
747221,"Tony Randazzo"
747223,"Phil Cuzzi"
747224,"Dan Bellino"
745846,"Todd Tichenor"
745849,"Nestor Ceja"
745847,"Cory Blaser"
745691,"David Rackley"
745690,"Carlos Torres"
745688,"Ryan Wills"
746982,"Adam Beck"
746983,"Ben May"
746984,"CB Bucknor"
746985,"Dan Merzel"
746988,"John Libka"
746987,"Stu Scheurwater"
746419,"Derek Thomas"
746422,"Lance Barksdale"
746423,"Will Little"
746908,"Paul Clemons"
746907,"Ryan Wills"
746909,"Chad Fairchild"
746989,"Mark Wegner"
746986,"Bruce Dreckman"
746993,"Alex MacKay"
746990,"Charlie Ramos"
746991,"Hunter Wendelstedt"
746992,"Marvin Hudson"
746505,"Bill Miller"
746507,"Emil Jimenez"
746511,"Tripp Gibson"
746102,"Mike Muchlinski"
746103,"John Bacon"
746105,"Jansen Visconti"
746994,"Mark Ripperger"
746996,"Roberto Ortiz"
746995,"Lance Barrett"
746998,"Alex MacKay"
745781,"Marvin Hudson"
745782,"Nick Mahrley"
745780,"John Tumpane"
746999,"Quinn Wolcott"
746997,"Ben May"
747001,"Ryan Wills"
747002,"Brian Walsh"
747000,"Dan Bellino"
747004,"Alex Tosi"
745057,"Brian Walsh"
745056,"Carlos Torres"
745062,"Chad Fairchild"
744899,"Nate Tomlinson"
744903,"Larry Vanover"
744901,"David Rackley"
746606,"Cory Blaser"
746608,"Jansen Visconti"
746605,"Andy Fletcher"
746607,"John Bacon"
747003,"Adrian Johnson"
747005,"Jonathan Parra"
747007,"Ramon De Jesus"
747039,"Junior Valentine"
747008,"Jim Wolf"
747006,"Ryan Blakney"
747010,"Sean Barber"
746037,"Alfonso Márquez"
746035,"Roberto Ortiz"
746036,"Mark Ripperger"
744991,"Malachi Moore"
744994,"Scott Barry"
744990,"Bill Miller"
747009,"Emil Jimenez"
747013,"Nic Lentz"
747012,"Will Little"
747011,"John Bacon"
747015,"Mark Carlson"
747014,"Stu Scheurwater"
745637,"Mark Ripperger"
745642,"Brian O'Nora"
745639,"Brennan Miller"
745236,"Adam Hamari"
745234,"Vic Carapazza"
745240,"Edwin Moscoso"
747016,"Derek Thomas"
747018,"Manny Gonzalez"
747017,"Cory Blaser"
747020,"Nestor Ceja"
747019,"Phil Cuzzi"
747022,"Dan Bellino"
747021,"Jeremy Riggs"
746373,"Jeremie Rehak"
746376,"Bruce Dreckman"
746375,"Scott Barry"
745734,"Ryan Additon"
745732,"Gabe Morales"
745733,"Brian Knight"
747023,"Mike Estabrook"
747024,"Laz Diaz"
747025,"Charlie Ramos"
745080,"Chris Conroy"
745085,"Brian O'Nora"
745082,"Derek Thomas"
745083,"Brennan Miller"
744923,"Alex MacKay"
744927,"Alex Tosi"
744931,"Tony Randazzo"
744930,"Phil Cuzzi"
747030,"Paul Clemons"
747029,"Chad Fairchild"
747032,"Ryan Wills"
747031,"Scott Barry"
747033,"Mike Muchlinski"
747034,"Andy Fletcher"
746789,"Junior Valentine"
746794,"Adrian Johnson"
746793,"Ramon De Jesus"
746792,"Jeremy Riggs"
745173,"Charlie Ramos"
745180,"Mike Estabrook"
745181,"Laz Diaz"
747035,"Cory Blaser"
747036,"Nestor Ceja"
747037,"Todd Tichenor"
747038,"Chad Fairchild"
747040,"Chris Conroy"
744858,"Dan Bellino"
744859,"Alex Tosi"
746719,"Paul Clemons"
746720,"Jansen Visconti"
746721,"Mike Muchlinski"
747044,"Dan Iassogna"
747048,"Adam Beck"
747047,"CB Bucknor"
747046,"Ben May"
747045,"Rob Drake"
747052,"James Hoye"
747050,"John Libka"
746244,"Lance Barksdale"
746246,"Emil Jimenez"
746242,"Nic Lentz"
746316,"Sean Barber"
746324,"Ryan Blakney"
746325,"Bruce Dreckman"
747049,"David Rackley"
747051,"Scott Barry"
747053,"Brian Walsh"
747056,"Alex MacKay"
747054,"Vic Carapazza"
747055,"Adam Hamari"
746977,"Jeremie Rehak"
746980,"Bruce Dreckman"
746981,"Mark Wegner"
745523,"Dan Iassogna"
745522,"Ben May"
745524,"Brock Ballou"
747059,"Paul Clemons"
747057,"Brian O'Nora"
747058,"Brennan Miller"
747062,"Ramon De Jesus"
747063,"Scott Barry"
747060,"Adrian Johnson"
746901,"Doug Eddings"
746902,"Bill Miller"
746904,"Brian Walsh"
744877,"Tom Hanahan"
744876,"Scott Barry"
744885,"Nic Lentz"
746906,"Ryan Blakney"
746903,"Sean Barber"
746905,"Alan Porter"
745041,"Todd Tichenor"
745040,"Cory Blaser"
745044,"Manny Gonzalez"
745693,"Hunter Wendelstedt"
745689,"Marvin Hudson"
745696,"John Tumpane"
745695,"Charlie Ramos"
746910,"Andy Fletcher"
746911,"Mike Muchlinski"
746912,"John Bacon"
745776,"Nate Tomlinson"
745778,"Chris Segal"
745779,"Larry Vanover"
746426,"Stu Scheurwater"
746424,"Jordan Baker"
746433,"Dan Merzel"
746914,"Chris Conroy"
746913,"Brennan Miller"
746916,"Brian O'Nora"
746915,"Paul Clemons"
746350,"David Rackley"
746349,"Nate Tomlinson"
746351,"Chris Segal"
746919,"Laz Diaz"
746924,"Erich Bacchus"
746921,"Mike Estabrook"
746923,"Jordan Baker"
746922,"Dan Merzel"
746927,"Mark Carlson"
746272,"Edwin Jimenez"
746273,"Malachi Moore"
746276,"Scott Barry"
744979,"James Hoye"
744987,"D.J. Reyburn"
744986,"John Libka"
746925,"Cory Blaser"
746926,"Jansen Visconti"
746928,"Andy Fletcher"
746929,"Nick Mahrley"
746931,"John Tumpane"
746933,"Hunter Wendelstedt"
746525,"Jeremie Rehak"
746524,"Clint Vondrak"
746526,"Mark Wegner"
746125,"Tripp Gibson"
746121,"Laz Diaz"
746123,"Erich Bacchus"
746932,"Brian Walsh"
746930,"Adam Hamari"
746936,"Vic Carapazza"
746935,"Adam Beck"
746934,"CB Bucknor"
746937,"Ben May"
745723,"Lance Barrett"
745724,"Alfonso Márquez"
745725,"Roberto Ortiz"
746043,"Marvin Hudson"
746045,"Nick Mahrley"
746047,"John Tumpane"
746938,"Jonathan Parra"
746940,"Rob Drake"
746939,"James Hoye"
746942,"Chad Fairchild"
746943,"David Rackley"
746941,"Paul Clemons"
746699,"Todd Tichenor"
746700,"Manny Gonzalez"
746698,"Cory Blaser"
744920,"Alfonso Márquez"
744917,"Roberto Ortiz"
744918,"Emil Jimenez"
746945,"Dan Bellino"
746946,"Alex Tosi"
746947,"Tony Randazzo"
746944,"Alex MacKay"
746948,"Derek Thomas"
746951,"Brennan Miller"
746787,"Ryan Blakney"
746786,"Alan Porter"
746785,"Sean Barber"
746784,"Jim Wolf"
746953,"Emil Jimenez"
746952,"Todd Tichenor"
746955,"Cory Blaser"
746954,"Nestor Ceja"
746957,"Gabe Morales"
746958,"Chris Guccione"
746956,"Brian Knight"
745089,"Adam Hamari"
745090,"Vic Carapazza"
745093,"Edwin Moscoso"
745179,"Bruce Dreckman"
745177,"Mark Wegner"
745178,"Clint Vondrak"
746959,"Alex Tosi"
746960,"Phil Cuzzi"
746962,"Tom Hanahan"
746961,"Tony Randazzo"
746965,"Brian O'Nora"
746963,"Brennan Miller"
746964,"Chris Conroy"
745913,"Angel Hernandez"
745911,"Lance Barksdale"
745914,"Emil Jimenez"
746969,"Mark Wegner"
746966,"Clint Vondrak"
746968,"Jeremie Rehak"
746967,"Larry Vanover"
746971,"David Rackley"
746972,"Chris Segal"
746646,"Scott Barry"
746649,"Dan Iassogna"
746647,"Adam Beck"
745514,"Brennan Miller"
745515,"D.J. Reyburn"
745518,"Paul Clemons"
746970,"Alfonso Márquez"
746973,"Roberto Ortiz"
746976,"Mark Ripperger"
746974,"Lance Barrett"
746975,"Carlos Torres"
746979,"Ryan Wills"
746978,"Chad Fairchild"
746251,"Phil Cuzzi"
746248,"Dan Bellino"
746249,"Alex Tosi"
745678,"Nate Tomlinson"
745680,"Ryan Blakney"
745675,"Alan Porter"
745279,"Chris Segal"
745278,"Quinn Wolcott"
745276,"David Rackley"
745283,"Larry Vanover"
746820,"Shane Livensparger"
746819,"Chris Conroy"
746822,"Brennan Miller"
745521,"Dan Bellino"
745526,"Alex Tosi"
745527,"Tony Randazzo"
746825,"Ramon De Jesus"
746826,"David Arrieta"
746824,"Adrian Johnson"
746823,"Tripp Gibson"
746831,"Paul Clemons"
746830,"Vic Carapazza"
746828,"Edwin Moscoso"
746506,"David Rackley"
746508,"Chris Segal"
746509,"Nate Tomlinson"
746100,"Manny Gonzalez"
746097,"Cory Blaser"
746101,"Todd Tichenor"
746827,"Brian Walsh"
746829,"Mark Carlson"
746832,"Jordan Baker"
746835,"Emil Jimenez"
746834,"Doug Eddings"
746833,"Malachi Moore"
744806,"Edwin Jimenez"
744808,"Laz Diaz"
744810,"Mike Estabrook"
745452,"Edwin Moscoso"
745461,"Adam Hamari"
745458,"Scott Barry"
746023,"James Jean"
746022,"Todd Tichenor"
746024,"Manny Gonzalez"
746836,"John Libka"
746837,"Charlie Ramos"
746839,"D.J. Reyburn"
746838,"Jim Wolf"
746841,"Ryan Blakney"
746843,"Sean Barber"
746598,"Austin Jones"
746601,"Alfonso Márquez"
746603,"Mark Ripperger"
746761,"David Rackley"
746760,"Chris Segal"
746842,"Alex Tosi"
746840,"Phil Cuzzi"
746847,"Tony Randazzo"
746844,"Clint Vondrak"
746846,"Mark Wegner"
746845,"Bruce Dreckman"
746849,"Jeremie Rehak"
746678,"Charlie Ramos"
746683,"James Hoye"
746684,"D.J. Reyburn"
746274,"Quinn Wolcott"
746278,"Adrian Johnson"
746277,"Junior Valentine"
746851,"Ryan Additon"
746848,"Doug Eddings"
746850,"Gabe Morales"
745151,"Jonathan Parra"
745152,"Mike Muchlinski"
745175,"David Arrieta"
745153,"Jansen Visconti"
746855,"Lance Barksdale"
746856,"Emil Jimenez"
746859,"Nic Lentz"
746857,"Mark Wegner"
746858,"Clint Vondrak"
746860,"Bruce Dreckman"
745971,"Stu Scheurwater"
745972,"Paul Clemons"
745970,"Ryan Wills"
745324,"Junior Valentine"
745325,"Quinn Wolcott"
745322,"Adrian Johnson"
745323,"Ramon De Jesus"
746862,"Alex Tosi"
746863,"Vic Carapazza"
746861,"Brian Walsh"
746864,"Nestor Ceja"
746867,"Todd Tichenor"
746868,"Manny Gonzalez"
746866,"Carlos Torres"
746865,"Paul Clemons"
746869,"Scott Barry"
745075,"Dan Iassogna"
745079,"Adam Beck"
745077,"CB Bucknor"
746705,"David Rackley"
746703,"Ramon De Jesus"
746704,"Junior Valentine"
746707,"Adrian Johnson"
746873,"Vic Carapazza"
746872,"Edwin Moscoso"
746871,"Brian O'Nora"
746870,"Derek Thomas"
746877,"Brennan Miller"
745985,"Laz Diaz"
745988,"Erich Bacchus"
745987,"Charlie Ramos"
745986,"Tripp Gibson"
745172,"Manny Gonzalez"
745176,"Cory Blaser"
746880,"Charlie Ramos"
746882,"Chris Conroy"
746878,"Brian O'Nora"
746881,"Brennan Miller"
745499,"Andy Fletcher"
745505,"Paul Clemons"
745506,"Jansen Visconti"
746879,"Malachi Moore"
746885,"Bill Miller"
746886,"Chad Whitson"
746883,"John Tumpane"
746884,"Hunter Wendelstedt"
746890,"Nick Mahrley"
745830,"Chad Fairchild"
745829,"Charlie Ramos"
745831,"Carlos Torres"
745832,"Ryan Wills"
746887,"Jansen Visconti"
746889,"Mike Muchlinski"
746888,"Andy Fletcher"
746894,"Vic Carapazza"
746891,"Adam Hamari"
746893,"Edwin Moscoso"
746892,"Alex MacKay"
745271,"Bill Miller"
745272,"Malachi Moore"
745274,"Chad Whitson"
745429,"Jonathan Parra"
745433,"Rob Drake"
745432,"James Hoye"
746895,"Erich Bacchus"
746896,"Mike Estabrook"
746897,"Laz Diaz"
746900,"CB Bucknor"
746898,"Dan Iassogna"
746899,"Ben May"
745035,"Nestor Ceja"
745037,"Carlos Torres"
745039,"Chad Fairchild"
746583,"Junior Valentine"
746581,"Adrian Johnson"
746657,"Paul Clemons"
746660,"Charlie Ramos"
746661,"Jordan Baker"
745852,"Ryan Additon"
745858,"Chris Guccione"
745855,"Gabe Morales"
745129,"Tom Hanahan"
745127,"Chris Segal"
745126,"Larry Vanover"
745774,"Brock Ballou"
745775,"Ramon De Jesus"
745777,"Junior Valentine"
746664,"Brian O'Nora"
746666,"Shane Livensparger"
746668,"Chris Conroy"
746669,"Jeremie Rehak"
746667,"Clint Vondrak"
746730,"Bruce Dreckman"
746665,"Mark Wegner"
746670,"Chad Fairchild"
746672,"Carlos Torres"
746671,"Ryan Wills"
745459,"David Rackley"
745457,"Nate Tomlinson"
745460,"Chris Segal"
745465,"Larry Vanover"
744893,"Mark Ripperger"
744896,"Roberto Ortiz"
744898,"Lance Barrett"
746676,"Will Little"
746675,"Derek Thomas"
746674,"Lance Barksdale"
746677,"Emil Jimenez"
746673,"Mark Carlson"
746682,"Stu Scheurwater"
745956,"Phil Cuzzi"
745955,"Tony Randazzo"
745957,"Dan Bellino"
746030,"Bill Miller"
746031,"Sean Barber"
746033,"Alan Porter"
746038,"Jim Wolf"
746680,"Bill Miller"
746681,"Chad Whitson"
746679,"Malachi Moore"
745063,"Adam Hamari"
745059,"Vic Carapazza"
745068,"Edwin Moscoso"
744831,"Mike Muchlinski"
744830,"Jansen Visconti"
744829,"Andy Fletcher"
746686,"Brennan Miller"
746687,"Derek Thomas"
746685,"Chris Conroy"
746688,"Lance Barksdale"
746689,"Emil Jimenez"
746690,"Nic Lentz"
746692,"Will Little"
746691,"Dan Iassogna"
746694,"Adam Beck"
746693,"CB Bucknor"
745726,"Alan Porter"
745728,"Jim Wolf"
745730,"Ryan Blakney"
745154,"Hunter Wendelstedt"
745159,"Charlie Ramos"
745161,"Sean Barber"
745162,"Gabe Morales"
746695,"Tripp Gibson"
746697,"Tom Hanahan"
746696,"Clint Vondrak"
745489,"Alex MacKay"
745488,"Chad Whitson"
745490,"Malachi Moore"
745977,"Brennan Miller"
745976,"Chris Conroy"
745979,"Will Little"
746701,"Sean Barber"
746702,"Jim Wolf"
746544,"Charlie Ramos"
746550,"Tripp Gibson"
746548,"Mike Estabrook"
746706,"Roberto Ortiz"
746709,"Mark Ripperger"
746708,"Lance Barrett"
746711,"Dan Merzel"
746710,"Ryan Blakney"
746713,"Alan Porter"
746714,"Marvin Hudson"
746712,"John Tumpane"
746716,"Hunter Wendelstedt"
746144,"Chad Whitson"
746142,"Doug Eddings"
746148,"Malachi Moore"
746150,"Bill Miller"
745345,"David Rackley"
745344,"Larry Vanover"
745340,"Chris Segal"
745423,"Manny Gonzalez"
745426,"Cory Blaser"
745427,"Todd Tichenor"
745022,"Paul Clemons"
745020,"Brian O'Nora"
745025,"Brennan Miller"
746724,"Alex Tosi"
746725,"Tony Randazzo"
746722,"Phil Cuzzi"
746723,"Dan Bellino"
746727,"Scott Barry"
746726,"Brian Walsh"
746729,"Larry Vanover"
745267,"James Hoye"
745270,"John Libka"
745268,"Jonathan Parra"
746810,"Derek Thomas"
746811,"Jansen Visconti"
746812,"Mike Muchlinski"
746728,"D.J. Reyburn"
746732,"Paul Clemons"
746735,"Brian O'Nora"
746734,"Stu Scheurwater"
746731,"Jordan Baker"
746733,"Dan Merzel"
745603,"Chad Whitson"
745598,"Doug Eddings"
745600,"Bill Miller"
746739,"Adam Beck"
746736,"CB Bucknor"
746737,"Dan Iassogna"
746578,"Jim Wolf"
746580,"Mark Wegner"
745118,"Brennan Miller"
745124,"Brian O'Nora"
745123,"Shane Livensparger"
746579,"Ryan Wills"
746582,"Chad Fairchild"
746587,"Junior Valentine"
746588,"Carlos Torres"
746585,"Alan Porter"
746584,"Chad Whitson"
746586,"Austin Jones"
746591,"Sean Barber"
746745,"Malachi Moore"
746747,"Bill Miller"
746746,"Emil Jimenez"
746098,"Dan Bellino"
746099,"Alex Tosi"
746104,"Tony Randazzo"
746262,"Derek Thomas"
746264,"Nestor Ceja"
746265,"Will Little"
746592,"Carlos Torres"
746590,"Ryan Wills"
746593,"Brian Walsh"
746589,"Marvin Hudson"
746594,"Jonathan Parra"
746596,"John Tumpane"
746628,"Hunter Wendelstedt"
746595,"Tom Hanahan"
746599,"Vic Carapazza"
746597,"Adam Hamari"
745705,"Derek Thomas"
745704,"Lance Barksdale"
745707,"Scott Barry"
745948,"Chris Conroy"
745952,"Brennan Miller"
745949,"Alex MacKay"
745872,"Sean Barber"
745873,"Alan Porter"
745927,"Ryan Blakney"
745871,"Jim Wolf"
746441,"Gabe Morales"
746444,"Emil Jimenez"
745550,"John Libka"
745553,"Charlie Ramos"
745554,"Rob Drake"
746609,"Tony Randazzo"
746611,"Phil Cuzzi"
746614,"Dan Bellino"
746612,"Alex Tosi"
746610,"Tom Hanahan"
746613,"Hunter Wendelstedt"
746618,"Marvin Hudson"
745066,"Mark Carlson"
745067,"Stu Scheurwater"
745064,"Dan Merzel"
746452,"James Hoye"
746453,"Jansen Visconti"
746451,"Mike Muchlinski"
746455,"James Hoye"
746616,"Jim Wolf"
746615,"Ryan Blakney"
746620,"Jonathan Parra"
746619,"Will Little"
746617,"Lance Barksdale"
746623,"Emil Jimenez"
746290,"John Bacon"
746289,"Laz Diaz"
746292,"Erich Bacchus"
746288,"Mike Estabrook"
746621,"Gabe Morales"
746622,"Brian Knight"
746624,"Charlie Ramos"
746626,"John Tumpane"
746625,"Doug Eddings"
746627,"Hunter Wendelstedt"
744926,"Bill Miller"
744925,"Chad Whitson"
744924,"Doug Eddings"
746054,"Nate Tomlinson"
746057,"Chris Segal"
746053,"Larry Vanover"
746631,"Chris Conroy"
746630,"Jacob Metz"
746632,"Dan Merzel"
746629,"Malachi Moore"
746635,"Bill Miller"
746551,"Jeremie Rehak"
746552,"Bruce Dreckman"
746549,"Mark Wegner"
746230,"Ryan Wills"
746226,"Carlos Torres"
746227,"Paul Clemons"
746634,"Emil Jimenez"
746633,"Todd Tichenor"
746637,"Manny Gonzalez"
746636,"Lance Barrett"
746642,"Alfonso Márquez"
746641,"Roberto Ortiz"
745015,"Jeremie Rehak"
745014,"Bruce Dreckman"
745019,"Mark Wegner"
746798,"Nic Lentz"
746797,"Scott Barry"
746801,"Doug Eddings"
746802,"Angel Hernandez"
746640,"Quinn Wolcott"
746638,"Adrian Johnson"
746639,"Ramon De Jesus"
746643,"Charlie Ramos"
746644,"Carlos Torres"
746645,"Ryan Wills"
746403,"Mark Carlson"
746399,"Angel Hernandez"
746398,"Stu Scheurwater"
746652,"Tripp Gibson"
746651,"Laz Diaz"
746650,"Erich Bacchus"
746648,"Mark Carlson"
746656,"Jordan Baker"
746658,"Stu Scheurwater"
746655,"Brian Walsh"
746653,"Chris Segal"
746654,"David Rackley"
745926,"Brennan Miller"
745928,"Ryan Additon"
745275,"Vic Carapazza"
745273,"Adam Hamari"
745277,"Mark Ripperger"
745683,"Nick Mahrley"
745684,"John Tumpane"
745682,"Hunter Wendelstedt"
745687,"Marvin Hudson"
746496,"Carlos Torres"
746499,"Ryan Wills"
746494,"Chad Fairchild"
746495,"Chris Guccione"
746501,"Gabe Morales"
746504,"Emil Jimenez"
746092,"Alex MacKay"
746096,"Jeremie Rehak"
746094,"Bruce Dreckman"
746427,"Alfonso Márquez"
746425,"Mark Ripperger"
746428,"Jeremy Riggs"
745940,"Roberto Ortiz"
745942,"Paul Clemons"
745941,"Vic Carapazza"
746514,"D.J. Reyburn"
746512,"Rob Drake"
746510,"James Hoye"
746513,"John Libka"
745706,"Nick Mahrley"
745703,"John Tumpane"
745702,"Hunter Wendelstedt"
744815,"Jordan Baker"
744812,"Dan Merzel"
744814,"Mark Carlson"
746516,"Adam Beck"
746515,"Jeremy Riggs"
746518,"CB Bucknor"
746522,"Alfonso Márquez"
746521,"James Jean"
746519,"Roberto Ortiz"
745384,"Chris Segal"
745388,"Nate Tomlinson"
745387,"Larry Vanover"
746196,"Jacob Metz"
746198,"Tony Randazzo"
746197,"Dan Bellino"
745305,"Laz Diaz"
745307,"Mike Estabrook"
745310,"Erich Bacchus"
745315,"Tripp Gibson"
746528,"Alex MacKay"
746527,"Chris Conroy"
746531,"Brian O'Nora"
745797,"Tom Hanahan"
745798,"Bruce Dreckman"
745800,"Jeremie Rehak"
746530,"David Rackley"
746529,"Larry Vanover"
746533,"Chris Segal"
746532,"Derek Thomas"
746534,"Mark Ripperger"
746537,"Brian O'Nora"
746535,"Brennan Miller"
746779,"Mark Carlson"
746778,"Jordan Baker"
746776,"Dan Merzel"
746374,"Alex MacKay"
746372,"Mark Carlson"
746536,"Doug Eddings"
746541,"Hunter Wendelstedt"
746540,"John Bacon"
746539,"Nic Lentz"
746538,"Lance Barksdale"
746542,"Will Little"
746543,"Tom Hanahan"
746546,"John Libka"
746547,"D.J. Reyburn"
746545,"Rob Drake"
745896,"Edwin Jimenez"
745899,"Lance Barrett"
745897,"Alfonso Márquez"
745167,"Vic Carapazza"
745166,"Edwin Moscoso"
745169,"Brian Walsh"
745174,"Scott Barry"
746141,"Nate Tomlinson"
746138,"David Rackley"
746140,"Larry Vanover"
746557,"Vic Carapazza"
746556,"Edwin Moscoso"
746558,"Brian Walsh"
745660,"Doug Eddings"
745661,"Malachi Moore"
745662,"Bill Miller"
745336,"Edwin Jimenez"
745339,"Sean Barber"
745335,"Quinn Wolcott"
745417,"Mark Ripperger"
745418,"Lance Barrett"
745420,"Alfonso Márquez"
746555,"Ryan Wills"
746554,"Chad Fairchild"
746553,"Charlie Ramos"
746563,"Alex MacKay"
746562,"Nestor Ceja"
746559,"Manny Gonzalez"
745504,"Doug Eddings"
745511,"Stu Scheurwater"
745510,"Dan Merzel"
746070,"Andy Fletcher"
746072,"Edwin Moscoso"
746073,"Jansen Visconti"
746561,"Alan Porter"
746560,"Sean Barber"
746564,"Malachi Moore"
746567,"Bill Miller"
746566,"Chad Whitson"
746565,"Doug Eddings"
746568,"Gabe Morales"
746572,"Ryan Additon"
746570,"Brian Knight"
745591,"Brian O'Nora"
745593,"Brennan Miller"
745597,"D.J. Reyburn"
744952,"Todd Tichenor"
744953,"Nestor Ceja"
744954,"Manny Gonzalez"
746574,"Hunter Wendelstedt"
746575,"Marvin Hudson"
746576,"Nick Mahrley"
746416,"Marvin Hudson"
746414,"John Tumpane"
746417,"Nick Mahrley"
746738,"Alex MacKay"
746742,"Edwin Moscoso"
746743,"Adam Hamari"
745358,"Chris Guccione"
745360,"Gabe Morales"
745364,"Emil Jimenez"
746172,"Ramon De Jesus"
746176,"David Arrieta"
746179,"Adrian Johnson"
746741,"Mark Ripperger"
746740,"Jeremy Riggs"
746744,"Brian Walsh"
746750,"Rob Drake"
746751,"James Hoye"
746749,"John Libka"
746748,"Dan Iassogna"
746752,"Adam Beck"
746755,"Chad Whitson"
746753,"Brian Walsh"
746754,"Chad Fairchild"
746756,"Carlos Torres"
746758,"Ryan Wills"
745297,"Andy Fletcher"
745295,"Mike Muchlinski"
745294,"Jansen Visconti"
746359,"Erich Bacchus"
746355,"Mike Estabrook"
746357,"Tripp Gibson"
746759,"Ryan Additon"
746757,"Gabe Morales"
746762,"Doug Eddings"
745630,"Tom Hanahan"
745629,"Vic Carapazza"
745628,"Edwin Moscoso"
745879,"Lance Barrett"
745876,"Alfonso Márquez"
745875,"James Jean"
746764,"Clint Vondrak"
746763,"Mark Wegner"
746765,"Bruce Dreckman"
746770,"Stu Scheurwater"
746768,"Jordan Baker"
746767,"Dan Merzel"
744984,"Austin Jones"
744989,"Adam Hamari"
744985,"Vic Carapazza"
744988,"Edwin Moscoso"
746287,"Paul Clemons"
746286,"Dan Iassogna"
746284,"Adam Beck"
746769,"Chad Whitson"
746766,"Malachi Moore"
746774,"Alex MacKay"
746772,"Jacob Metz"
746773,"Rob Drake"
746771,"John Libka"
746039,"Jeremy Riggs"
746044,"Ramon De Jesus"
746046,"Quinn Wolcott"
746777,"Derek Thomas"
746775,"Laz Diaz"
746780,"Erich Bacchus"
746457,"Ryan Wills"
746459,"Chad Fairchild"
746460,"Carlos Torres"
746782,"Brennan Miller"
746781,"Chris Conroy"
746783,"Derek Thomas"
745245,"Brian Knight"
745246,"Ryan Additon"
745244,"Gabe Morales"
745248,"Chris Guccione"
745984,"Edwin Jimenez"
745980,"Mark Carlson"
745983,"Jordan Baker"
746790,"Hunter Wendelstedt"
746791,"Nick Mahrley"
746788,"Marvin Hudson"
744933,"Dan Iassogna"
744936,"Adam Beck"
744935,"CB Bucknor"
745745,"Erich Bacchus"
745744,"Mike Estabrook"
745747,"Laz Diaz"
746795,"Manny Gonzalez"
746799,"Cory Blaser"
746796,"Nestor Ceja"
745097,"Carlos Torres"
745095,"Ryan Wills"
745098,"Chad Fairchild"
745185,"Alex MacKay"
745183,"CB Bucknor"
745187,"Ben May"
746800,"James Hoye"
746806,"John Libka"
746804,"Jonathan Parra"
746805,"Tony Randazzo"
746803,"Marvin Hudson"
746808,"Dan Bellino"
745918,"Nate Tomlinson"
745919,"Laz Diaz"
745917,"Erich Bacchus"
745916,"Mike Estabrook"
745588,"Chad Fairchild"
745590,"Charlie Ramos"
745592,"Carlos Torres"
746809,"Stu Scheurwater"
746807,"Jordan Baker"
746813,"Dan Merzel"
746330,"Chad Whitson"
746329,"Doug Eddings"
746328,"Bill Miller"
746327,"Malachi Moore"
746815,"Dan Merzel"
746818,"Mark Carlson"
746821,"Brian O'Nora"
746415,"Brian O'Nora"
746420,"Shane Livensparger"
746421,"Chris Conroy"
746254,"Chris Segal"
746261,"Nate Tomlinson"
746260,"Larry Vanover"
745616,"Quinn Wolcott"
745613,"Chris Guccione"
745611,"Gabe Morales"
745369,"Phil Cuzzi"
745370,"Dan Bellino"
745373,"Alex Tosi"
746432,"Charlie Ramos"
746430,"Laz Diaz"
746429,"Mike Estabrook"
746431,"Manny Gonzalez"
746434,"Nestor Ceja"
746438,"Cory Blaser"
746437,"Edwin Moscoso"
746436,"Adam Hamari"
746435,"Tom Hanahan"
745303,"Charlie Ramos"
745304,"James Hoye"
745308,"Rob Drake"
745226,"Chris Conroy"
745223,"Shane Livensparger"
745221,"Brian O'Nora"
746439,"Ryan Blakney"
746440,"Sean Barber"
746443,"Alan Porter"
746442,"Jim Wolf"
746445,"John Bacon"
746446,"Mike Muchlinski"
746448,"Jansen Visconti"
744909,"Jeremy Riggs"
744910,"Nestor Ceja"
744911,"Todd Tichenor"
746449,"Edwin Jimenez"
746447,"Marvin Hudson"
746450,"John Libka"
745890,"Malachi Moore"
745888,"Alex MacKay"
745886,"Bill Miller"
746209,"Mark Ripperger"
746211,"Lance Barrett"
746214,"Alfonso Márquez"
746210,"Roberto Ortiz"
746456,"John Libka"
746454,"D.J. Reyburn"
746458,"Rob Drake"
746377,"Lance Barrett"
746381,"Alfonso Márquez"
746378,"Roberto Ortiz"
746465,"Emil Jimenez"
746462,"Chris Segal"
746464,"Larry Vanover"
746463,"Clint Vondrak"
746461,"Jeremie Rehak"
746466,"Bruce Dreckman"
745007,"Andy Fletcher"
745010,"Jansen Visconti"
745009,"Tom Hanahan"
746467,"Doug Eddings"
746468,"Chad Whitson"
746469,"Alfonso Márquez"
746470,"Roberto Ortiz"
746475,"Mark Ripperger"
746474,"Lance Barrett"
746304,"Mark Wegner"
746309,"Clint Vondrak"
746307,"Jeremie Rehak"
746472,"CB Bucknor"
746473,"Ben May"
746471,"Dan Iassogna"
746476,"Brian Walsh"
746480,"Adam Hamari"
746479,"Vic Carapazza"
745751,"Edwin Jimenez"
745750,"Ryan Blakney"
745756,"Alan Porter"
746478,"Marvin Hudson"
746477,"Hunter Wendelstedt"
746481,"John Tumpane"
746483,"Dan Iassogna"
746484,"Adam Beck"
746482,"CB Bucknor"
745099,"Ryan Blakney"
745102,"Bruce Dreckman"
745107,"Alan Porter"
745920,"Roberto Ortiz"
745921,"Mark Ripperger"
745922,"Lance Barrett"
746485,"Todd Tichenor"
746487,"Nestor Ceja"
746486,"Manny Gonzalez"
746488,"Cory Blaser"
746492,"Ben May"
746490,"Brock Ballou"
746489,"CB Bucknor"
746491,"Adam Beck"
745517,"Dan Merzel"
745520,"Mark Carlson"
746493,"Chad Fairchild"
746498,"Charlie Ramos"
746497,"Tripp Gibson"
745843,"Nic Lentz"
745844,"Angel Hernandez"
745842,"Lance Barksdale"
746331,"Hunter Wendelstedt"
746336,"Marvin Hudson"
746334,"John Tumpane"
746339,"Brian Walsh"
746338,"Rob Drake"
746340,"Doug Eddings"
746341,"Malachi Moore"
745365,"Chris Conroy"
745366,"Brennan Miller"
745367,"Brian O'Nora"
746180,"CB Bucknor"
746177,"Dan Iassogna"
746181,"Adam Beck"
746337,"Jeremie Rehak"
746342,"Alex MacKay"
746346,"Clint Vondrak"
746347,"Tony Randazzo"
746348,"Phil Cuzzi"
746353,"Dan Bellino"
746352,"Alex Tosi"
745541,"Will Little"
745540,"Nic Lentz"
745538,"Derek Thomas"
745053,"Alan Porter"
745055,"Jim Wolf"
745058,"Ryan Blakney"
744981,"Lance Barksdale"
744983,"Nic Lentz"
744982,"Will Little"
746356,"Emil Jimenez"
746358,"Ryan Additon"
746354,"Doug Eddings"
746363,"Nestor Ceja"
746365,"Austin Jones"
746360,"Todd Tichenor"
746364,"Brennan Miller"
746362,"David Rackley"
746361,"Alex MacKay"
745634,"Dan Iassogna"
745632,"Adam Beck"
745635,"CB Bucknor"
745230,"Brian Walsh"
745229,"Jeremie Rehak"
745228,"Clint Vondrak"
746370,"Carlos Torres"
746369,"Nestor Ceja"
746371,"Ryan Wills"
746367,"Larry Vanover"
746366,"Chris Segal"
746368,"Nate Tomlinson"
745883,"Ryan Additon"
745885,"Doug Eddings"
745884,"Charlie Ramos"
744912,"Ben May"
744915,"Dan Iassogna"
744913,"Adam Beck"
744914,"CB Bucknor"
745802,"James Jean"
745801,"Alan Porter"
745804,"Jim Wolf"
745328,"James Hoye"
745327,"John Libka"
745334,"D.J. Reyburn"
746216,"John Tumpane"
746223,"Hunter Wendelstedt"
746220,"Jonathan Parra"
746379,"Mark Carlson"
746380,"Jordan Baker"
746382,"Stu Scheurwater"
746383,"Brian Walsh"
746384,"Adam Hamari"
746387,"Vic Carapazza"
745249,"Chris Segal"
745250,"Nate Tomlinson"
745258,"David Rackley"
745254,"Larry Vanover"
745653,"Clint Vondrak"
745658,"Jeremie Rehak"
745663,"Bruce Dreckman"
746386,"Edwin Jimenez"
746385,"James Hoye"
746390,"John Libka"
746392,"Ben May"
746389,"Dan Iassogna"
746388,"Adam Beck"
746391,"Tripp Gibson"
746397,"Erich Bacchus"
746396,"Mike Estabrook"
746393,"Laz Diaz"
745748,"Derek Thomas"
745749,"Brian O'Nora"
745752,"Brennan Miller"
746395,"Junior Valentine"
746394,"Quinn Wolcott"
746402,"Adrian Johnson"
744866,"Nate Tomlinson"
744865,"Manny Gonzalez"
744872,"Cory Blaser"
746404,"Emil Jimenez"
746405,"Nic Lentz"
746408,"Angel Hernandez"
746322,"Andy Fletcher"
746323,"Derek Thomas"
746326,"Jansen Visconti"
745034,"Adrian Johnson"
745032,"Scott Barry"
745031,"Larry Vanover"
745033,"Chris Segal"
746407,"Carlos Torres"
746411,"Chad Fairchild"
746409,"Charlie Ramos"
746413,"John Libka"
746410,"D.J. Reyburn"
746412,"Rob Drake"
746418,"James Hoye"
744796,"Chad Whitson"
744795,"Doug Eddings"
744802,"Bill Miller"
746253,"D.J. Reyburn"
746255,"Chad Whitson"
746256,"James Hoye"
745449,"Ryan Wills"
745448,"Chad Fairchild"
745447,"Roberto Ortiz"
745697,"Alan Porter"
745694,"Chad Whitson"
745698,"Jim Wolf"
746258,"Shane Livensparger"
746259,"Chris Conroy"
746257,"Brennan Miller"
746263,"Ben May"
746271,"Mark Carlson"
746268,"Stu Scheurwater"
746267,"Mike Estabrook"
746266,"Tom Hanahan"
746270,"Vic Carapazza"
745869,"Carlos Torres"
745867,"Ben May"
745874,"Ryan Wills"
746269,"Roberto Ortiz"
746275,"Lance Barrett"
745155,"Edwin Jimenez"
745156,"John Tumpane"
746285,"Adrian Johnson"
746283,"Jeremy Riggs"
746282,"Ramon De Jesus"
746291,"Manny Gonzalez"
746293,"Cory Blaser"
746298,"Nestor Ceja"
745000,"Tony Randazzo"
744997,"Phil Cuzzi"
745006,"Dan Bellino"
745645,"D.J. Reyburn"
745646,"Rob Drake"
745650,"James Hoye"
746130,"Ryan Additon"
746135,"John Bacon"
746134,"Gabe Morales"
746299,"Ryan Wills"
746294,"Carlos Torres"
746296,"Paul Clemons"
746295,"Scott Barry"
746297,"Tony Randazzo"
746300,"Phil Cuzzi"
746302,"Dan Bellino"
746301,"Mike Muchlinski"
746305,"Andy Fletcher"
746303,"Jansen Visconti"
745898,"Stu Scheurwater"
745900,"Edwin Jimenez"
745903,"Mark Carlson"
745904,"Jordan Baker"
745088,"Quinn Wolcott"
745086,"Nic Lentz"
745087,"Lance Barksdale"
746306,"Brian Knight"
746308,"Ryan Additon"
746310,"Gabe Morales"
745259,"Jim Wolf"
745257,"Edwin Jimenez"
745256,"Sean Barber"
746234,"Dan Merzel"
746232,"Jordan Baker"
746240,"Mark Ripperger"
746241,"Stu Scheurwater"
746312,"Todd Tichenor"
746315,"Emil Jimenez"
746313,"Nic Lentz"
746314,"John Bacon"
746311,"Malachi Moore"
746318,"Bill Miller"
744939,"D.J. Reyburn"
744942,"Vic Carapazza"
744945,"Adam Hamari"
746320,"Ryan Additon"
746317,"Alex MacKay"
746321,"Brian Knight"
746319,"Chris Guccione"
745841,"Chris Segal"
745839,"David Rackley"
745838,"Scott Barry"
746332,"Mike Estabrook"
746333,"Tripp Gibson"
746335,"Laz Diaz"
746174,"Edwin Jimenez"
746171,"Alfonso Márquez"
746173,"Mark Ripperger"
745857,"Hunter Wendelstedt"
745856,"Marvin Hudson"
745860,"John Tumpane"
744965,"Ryan Blakney"
744963,"Sean Barber"
744967,"Alan Porter"
744966,"Jim Wolf"
746178,"Adrian Johnson"
746185,"Brock Ballou"
746183,"John Bacon"
746182,"Jansen Visconti"
746184,"Andy Fletcher"
744892,"Gabe Morales"
744890,"Doug Eddings"
744889,"Ryan Additon"
744894,"Edwin Jimenez"
746188,"Todd Tichenor"
746187,"Manny Gonzalez"
746192,"Nestor Ceja"
744816,"Hunter Wendelstedt"
744820,"Marvin Hudson"
744818,"Nick Mahrley"
745710,"Quinn Wolcott"
745713,"Junior Valentine"
745709,"Ramon De Jesus"
746191,"Alex MacKay"
746194,"Chris Conroy"
746193,"Brennan Miller"
746195,"Jeremie Rehak"
746203,"Brian Walsh"
746200,"Mark Wegner"
746199,"Bruce Dreckman"
745231,"Laz Diaz"
745227,"Erich Bacchus"
745232,"Mike Estabrook"
745633,"Carlos Torres"
745638,"Nate Tomlinson"
745640,"Ryan Wills"
746201,"Jacob Metz"
746202,"Rob Drake"
746207,"D.J. Reyburn"
746204,"Nick Mahrley"
746205,"Alex Tosi"
746206,"Tony Randazzo"
746208,"Phil Cuzzi"
745641,"Edwin Jimenez"
745643,"Mike Muchlinski"
745647,"Junior Valentine"
746212,"John Bacon"
746213,"Ryan Blakney"
746218,"Alan Porter"
746132,"James Hoye"
746131,"John Libka"
746219,"Mark Carlson"
746217,"Jordan Baker"
746215,"Dan Merzel"
745321,"Mark Ripperger"
745329,"Lance Barksdale"
745326,"Nic Lentz"
746221,"CB Bucknor"
746222,"Ben May"
746224,"Dan Iassogna"
745252,"Bruce Dreckman"
745251,"Mark Wegner"
745253,"Clint Vondrak"
746225,"Edwin Moscoso"
746228,"Brian Walsh"
746229,"Adam Hamari"
745012,"Jeremy Riggs"
745013,"Junior Valentine"
745016,"Adrian Johnson"
746231,"Larry Vanover"
746235,"Chris Segal"
746233,"Nate Tomlinson"
745507,"Jonathan Parra"
745508,"Rob Drake"
745509,"James Hoye"
746238,"Chad Whitson"
746239,"Doug Eddings"
746236,"Malachi Moore"
746237,"Dan Merzel"
746245,"Mark Carlson"
746243,"Tripp Gibson"
745104,"Ben May"
745105,"Brock Ballou"
745108,"Dan Iassogna"
745106,"Adam Beck"
746247,"Doug Eddings"
746250,"Bill Miller"
746252,"Malachi Moore"
746083,"Mark Carlson"
746086,"Stu Scheurwater"
746085,"Jordan Baker"
746088,"Jansen Visconti"
746095,"Andy Fletcher"
746093,"Tripp Gibson"
746011,"Dan Iassogna"
746014,"Adam Beck"
746015,"Ben May"
746106,"Malachi Moore"
746108,"Bill Miller"
746111,"Emil Jimenez"
746110,"Jeremy Riggs"
746107,"CB Bucknor"
746109,"Dan Iassogna"
745139,"Adam Hamari"
745140,"Tom Hanahan"
745144,"Vic Carapazza"
745950,"John Bacon"
745951,"David Rackley"
745954,"Chris Segal"
745953,"Nate Tomlinson"
746114,"Shane Livensparger"
746112,"Brian O'Nora"
746113,"Alex MacKay"
746115,"Brock Ballou"
746120,"Hunter Wendelstedt"
746116,"Marvin Hudson"
745627,"Dan Bellino"
745636,"Alex Tosi"
745631,"Phil Cuzzi"
745386,"Ben May"
745389,"Dan Iassogna"
746117,"Jacob Metz"
746119,"Mark Carlson"
746118,"Stu Scheurwater"
746124,"Dan Merzel"
745558,"Brian O'Nora"
745556,"Brennan Miller"
745557,"Derek Thomas"
746122,"Vic Carapazza"
746129,"Edwin Moscoso"
746127,"Brian Walsh"
745320,"Jansen Visconti"
745317,"Andy Fletcher"
745319,"Edwin Jimenez"
746136,"Hunter Wendelstedt"
746137,"Marvin Hudson"
746139,"Nick Mahrley"
745736,"Nestor Ceja"
745735,"Emil Jimenez"
745737,"Todd Tichenor"
745495,"Dan Merzel"
745494,"Clint Vondrak"
745497,"Jeremie Rehak"
745817,"Adrian Johnson"
745818,"Jeremy Riggs"
745816,"Ramon De Jesus"
745341,"Hunter Wendelstedt"
745342,"Nick Mahrley"
745343,"Marvin Hudson"
745419,"Tripp Gibson"
745422,"Erich Bacchus"
745421,"Mike Estabrook"
746151,"Alfonso Márquez"
746147,"Roberto Ortiz"
746149,"Mark Ripperger"
744947,"Nick Mahrley"
744946,"John Tumpane"
744949,"Hunter Wendelstedt"
744867,"Brian Walsh"
744864,"Larry Vanover"
744863,"David Rackley"
746154,"Angel Hernandez"
746156,"Lance Barksdale"
746160,"Emil Jimenez"
746159,"Derek Thomas"
746157,"Adrian Johnson"
746158,"Ramon De Jesus"
746164,"Brian Knight"
746161,"Chris Guccione"
746162,"Ryan Additon"
745923,"Marvin Hudson"
745924,"Nick Mahrley"
745925,"John Tumpane"
746163,"Tony Randazzo"
746169,"Phil Cuzzi"
746170,"Dan Bellino"
746166,"Sean Barber"
746168,"Nate Tomlinson"
746167,"Ryan Blakney"
746165,"Alan Porter"
746175,"Andy Fletcher"
745444,"Lance Barksdale"
744880,"Gabe Morales"
744878,"David Arrieta"
744879,"Ryan Additon"
745853,"Jeremie Rehak"
745854,"Bruce Dreckman"
745851,"Stu Scheurwater"
744801,"D.J. Reyburn"
744803,"John Bacon"
744800,"Jacob Metz"
744805,"James Hoye"
745450,"James Jean"
745446,"Derek Thomas"
745454,"Lance Barksdale"
746017,"Nate Tomlinson"
746018,"Chris Segal"
746016,"Larry Vanover"
746021,"David Rackley"
746019,"Dan Merzel"
746020,"Mike Estabrook"
745292,"Jacob Metz"
745296,"Alan Porter"
745299,"Jim Wolf"
745786,"David Arrieta"
745785,"Jeremie Rehak"
745784,"Clint Vondrak"
745544,"Chris Conroy"
745548,"Brennan Miller"
746025,"Chad Whitson"
746026,"Malachi Moore"
746032,"Scott Barry"
745061,"Mike Estabrook"
745060,"Tripp Gibson"
745961,"Phil Cuzzi"
745966,"Dan Bellino"
745964,"Alex Tosi"
746034,"Rob Drake"
746042,"James Hoye"
746041,"D.J. Reyburn"
746040,"John Libka"
745555,"Nic Lentz"
745559,"Nate Tomlinson"
745560,"Lance Barksdale"
745565,"Emil Jimenez"
746051,"Chad Whitson"
746048,"Edwin Moscoso"
746052,"Bill Miller"
746050,"CB Bucknor"
746049,"Ben May"
746055,"Dan Iassogna"
744839,"Jim Wolf"
744846,"Ryan Blakney"
744847,"Alan Porter"
745809,"Tripp Gibson"
745811,"Mike Estabrook"
745815,"Laz Diaz"
746056,"Manny Gonzalez"
746060,"Nestor Ceja"
746061,"Will Little"
746062,"Nic Lentz"
746059,"Lance Barksdale"
745414,"Carlos Torres"
745412,"Paul Clemons"
745416,"Chad Fairchild"
746063,"Alfonso Márquez"
746058,"Roberto Ortiz"
746066,"Mark Ripperger"
746064,"Jansen Visconti"
746067,"Mike Muchlinski"
746065,"Andy Fletcher"
746068,"Jeremy Riggs"
746069,"Manny Gonzalez"
746071,"Cory Blaser"
745667,"Chris Guccione"
745666,"Ryan Additon"
745665,"Brian Knight"
746074,"Tom Hanahan"
746077,"Mark Wegner"
746075,"Clint Vondrak"
746078,"Jeremie Rehak"
746076,"Mike Estabrook"
746081,"Tripp Gibson"
746080,"Laz Diaz"
745763,"John Bacon"
745762,"Cory Blaser"
745761,"Todd Tichenor"
745198,"Clint Vondrak"
745197,"Jeremie Rehak"
745200,"Bruce Dreckman"
746090,"Ryan Additon"
746087,"Gabe Morales"
746091,"Brian Knight"
746089,"Chris Guccione"
745932,"Lance Barrett"
745931,"Adrian Johnson"
745930,"Ramon De Jesus"
745443,"Manny Gonzalez"
745442,"Todd Tichenor"
745441,"Nestor Ceja"
745933,"Chris Guccione"
745935,"Gabe Morales"
745939,"Emil Jimenez"
745288,"Ben May"
745285,"CB Bucknor"
745291,"Dan Iassogna"
745938,"Jeremy Riggs"
745944,"Lance Barrett"
745947,"Alfonso Márquez"
745945,"Mark Carlson"
745943,"Stu Scheurwater"
745946,"Jordan Baker"
745618,"CB Bucknor"
745617,"Dan Iassogna"
745625,"Adam Beck"
745137,"Ben May"
745138,"Brian Walsh"
745136,"Chad Fairchild"
744826,"Dan Iassogna"
744823,"Adam Beck"
744825,"CB Bucknor"
745882,"Sean Barber"
745880,"Charlie Ramos"
745962,"CB Bucknor"
745963,"Ben May"
745965,"Dan Iassogna"
745967,"Jordan Baker"
745969,"Clint Vondrak"
745968,"Tom Hanahan"
745975,"Chris Conroy"
745973,"Nate Tomlinson"
745974,"Larry Vanover"
745396,"Edwin Jimenez"
745402,"Mike Muchlinski"
745403,"Jansen Visconti"
745401,"Andy Fletcher"
745978,"Junior Valentine"
745981,"Quinn Wolcott"
745982,"Adrian Johnson"
745570,"Ryan Blakney"
745568,"Alan Porter"
745569,"Sean Barber"
745992,"Chad Whitson"
745989,"Doug Eddings"
745991,"Malachi Moore"
745990,"Alan Porter"
745994,"Jim Wolf"
745993,"Edwin Jimenez"
745995,"Sean Barber"
745996,"Alex MacKay"
745997,"Chris Guccione"
745999,"Ryan Additon"
746001,"Mike Muchlinski"
745998,"Andy Fletcher"
746000,"Derek Thomas"
745512,"Tom Hanahan"
745513,"Mark Wegner"
745516,"Clint Vondrak"
745519,"Jeremie Rehak"
745192,"Alex Tosi"
745190,"Tony Randazzo"
745189,"Phil Cuzzi"
746005,"Quinn Wolcott"
746004,"Angel Hernandez"
746002,"Lance Barksdale"
746003,"Mike Muchlinski"
746006,"Andy Fletcher"
746007,"Derek Thomas"
746008,"Mark Wegner"
746009,"Clint Vondrak"
745845,"Jonathan Parra"
745850,"Lance Barrett"
745848,"Alfonso Márquez"
745042,"Edwin Moscoso"
745045,"Roberto Ortiz"
745047,"Paul Clemons"
745046,"Vic Carapazza"
745861,"Nic Lentz"
745859,"Derek Thomas"
745862,"Lance Barksdale"
745863,"D.J. Reyburn"
745868,"Rob Drake"
745870,"James Hoye"
745375,"Chad Whitson"
745374,"Malachi Moore"
745380,"Bill Miller"
744975,"Ryan Additon"
744977,"Gabe Morales"
744974,"Doug Eddings"
744980,"Paul Clemons"
745789,"Scott Barry"
745787,"Bill Miller"
745791,"Chad Whitson"
745877,"Nic Lentz"
745878,"Will Little"
745881,"Lance Barksdale"
745314,"Cory Blaser"
745311,"Paul Clemons"
745312,"Todd Tichenor"
745243,"Quinn Wolcott"
745239,"Adrian Johnson"
745238,"Ramon De Jesus"
745648,"Jordan Baker"
745644,"Dan Merzel"
745649,"Stu Scheurwater"
745889,"Adam Hamari"
745887,"Alex Tosi"
745893,"Vic Carapazza"
745895,"Quinn Wolcott"
745891,"Junior Valentine"
745892,"Adrian Johnson"
745894,"Ramon De Jesus"
745491,"Ryan Wills"
745492,"Carlos Torres"
745496,"Paul Clemons"
745738,"Quinn Wolcott"
745740,"Larry Vanover"
745739,"Chris Segal"
745902,"Mike Estabrook"
745901,"Laz Diaz"
745905,"Erich Bacchus"
744856,"Junior Valentine"
744860,"Adrian Johnson"
744857,"Ramon De Jesus"
745907,"Paul Clemons"
745908,"Jansen Visconti"
745909,"Mike Muchlinski"
744941,"Alex Tosi"
744943,"Phil Cuzzi"
744940,"Tom Hanahan"
745910,"Nate Tomlinson"
745906,"David Rackley"
745915,"Larry Vanover"
745912,"Chris Segal"
745767,"John Libka"
745768,"Vic Carapazza"
745770,"Edwin Moscoso"
745769,"Adam Hamari"
745771,"Mike Muchlinski"
745772,"Charlie Ramos"
745773,"Jansen Visconti"
745530,"Nestor Ceja"
745528,"Todd Tichenor"
745529,"Lance Barrett"
744881,"Mark Carlson"
744886,"Dan Merzel"
744888,"Stu Scheurwater"
745376,"Andy Fletcher"
745377,"Mike Muchlinski"
745378,"Jansen Visconti"
745379,"Austin Jones"
745783,"Scott Barry"
745790,"Will Little"
745788,"Derek Thomas"
745216,"Cory Blaser"
745219,"Todd Tichenor"
745220,"Manny Gonzalez"
745184,"Manny Gonzalez"
745716,"Andy Fletcher"
745715,"John Bacon"
745799,"Chad Fairchild"
745796,"Carlos Torres"
745803,"Nestor Ceja"
745480,"Marvin Hudson"
745477,"Nick Mahrley"
745476,"John Tumpane"
745479,"Hunter Wendelstedt"
744834,"Nate Tomlinson"
744837,"David Rackley"
744838,"Larry Vanover"
744840,"Chris Segal"
745808,"Nic Lentz"
745806,"Lance Barksdale"
745002,"Edwin Jimenez"
745004,"Mike Muchlinski"
745005,"Jansen Visconti"
745807,"Adam Beck"
745805,"CB Bucknor"
745810,"Ben May"
745571,"Stu Scheurwater"
745814,"Mike Muchlinski"
744852,"Chad Fairchild"
744850,"Ryan Wills"
744854,"Carlos Torres"
745824,"Adam Beck"
745823,"CB Bucknor"
745822,"Ben May"
745580,"Chris Guccione"
745582,"Brian Knight"
745821,"Ryan Additon"
745826,"Gabe Morales"
745186,"Dan Merzel"
745182,"Jordan Baker"
745103,"Clint Vondrak"
745100,"Tom Hanahan"
745101,"Bruce Dreckman"
745834,"Laz Diaz"
745833,"Erich Bacchus"
745835,"Mike Estabrook"
745346,"Mark Ripperger"
745348,"Lance Barrett"
745351,"Alfonso Márquez"
745836,"Vic Carapazza"
745837,"Adam Hamari"
745840,"Edwin Moscoso"
745686,"Edwin Moscoso"
745685,"Phil Cuzzi"
745692,"Tony Randazzo"
745608,"Jacob Metz"
745610,"Laz Diaz"
745606,"Erich Bacchus"
745204,"Clint Vondrak"
745199,"Jim Wolf"
745205,"Jeremie Rehak"
744964,"Clint Vondrak"
744968,"Mark Wegner"
744972,"Bruce Dreckman"
745701,"Adam Beck"
745699,"Ben May"
745700,"CB Bucknor"
744809,"Tony Randazzo"
744811,"Phil Cuzzi"
744813,"Dan Bellino"
745711,"Vic Carapazza"
745712,"Adam Hamari"
745708,"Edwin Moscoso"
745718,"Tripp Gibson"
745714,"Laz Diaz"
745719,"Erich Bacchus"
745543,"Ryan Blakney"
745546,"Sean Barber"
745547,"Alan Porter"
745717,"Junior Valentine"
745722,"Edwin Jimenez"
745720,"Manny Gonzalez"
745721,"Quinn Wolcott"
745065,"Edwin Moscoso"
745069,"Brian Walsh"
745074,"Adam Hamari"
744916,"Tom Hanahan"
744921,"D.J. Reyburn"
744922,"Clint Vondrak"
744919,"Jeremie Rehak"
745330,"Jonathan Parra"
745332,"Nick Mahrley"
745331,"Marvin Hudson"
745413,"Malachi Moore"
745411,"Bill Miller"
745415,"Chad Whitson"
745741,"Alex MacKay"
745743,"Nic Lentz"
745742,"D.J. Reyburn"
745746,"Lance Barksdale"
745092,"Adrian Johnson"
745096,"Ramon De Jesus"
745094,"Junior Valentine"
745755,"Marvin Hudson"
745753,"Nick Mahrley"
745754,"John Tumpane"
745757,"Hunter Wendelstedt"
745759,"John Libka"
745760,"Jonathan Parra"
745758,"Rob Drake"
744948,"Ryan Wills"
744944,"Chad Fairchild"
744951,"Charlie Ramos"
745765,"Angel Hernandez"
745766,"Lance Barksdale"
745764,"Emil Jimenez"
745201,"Andy Fletcher"
745203,"Tripp Gibson"
745202,"Mike Muchlinski"
745609,"Paul Clemons"
745607,"Charlie Ramos"
745605,"Mark Carlson"
745612,"Todd Tichenor"
745614,"Tom Hanahan"
745615,"Manny Gonzalez"
745619,"Cory Blaser"
744970,"Brennan Miller"
744971,"Brian O'Nora"
744969,"Shane Livensparger"
745623,"Erich Bacchus"
745622,"Brock Ballou"
745624,"Tripp Gibson"
745620,"Laz Diaz"
745621,"Emil Jimenez"
745626,"Alex Tosi"
744895,"Andy Fletcher"
744897,"John Bacon"
744900,"Mike Muchlinski"
745306,"David Rackley"
745309,"Chris Segal"
745551,"Chris Segal"
745549,"Nate Tomlinson"
745552,"David Rackley"
745405,"Tom Hanahan"
745404,"Mark Ripperger"
745409,"Lance Barksdale"
745651,"Brian Knight"
745652,"Ryan Additon"
745655,"Gabe Morales"
745657,"Nick Mahrley"
745654,"John Tumpane"
745656,"Hunter Wendelstedt"
745081,"Chris Conroy"
745084,"Brian O'Nora"
745091,"Brennan Miller"
745255,"Alex MacKay"
745262,"Roberto Ortiz"
745264,"Lance Barrett"
745664,"Tripp Gibson"
745659,"Laz Diaz"
745668,"Erich Bacchus"
745669,"Mike Estabrook"
745670,"Tony Randazzo"
745673,"Phil Cuzzi"
745672,"Dan Bellino"
745671,"Chris Guccione"
745674,"Ryan Additon"
745677,"Gabe Morales"
745681,"Rob Drake"
745676,"James Hoye"
745679,"John Libka"
745029,"David Arrieta"
745024,"Ramon De Jesus"
745030,"Tom Hanahan"
744798,"Brock Ballou"
744799,"Nic Lentz"
744797,"Lance Barksdale"
745525,"John Bacon"
745535,"John Libka"
745534,"D.J. Reyburn"
744887,"Ryan Blakney"
744891,"Sean Barber"
745539,"Austin Jones"
745537,"Alfonso Márquez"
745542,"Mark Ripperger"
745545,"Roberto Ortiz"
745222,"Chad Fairchild"
745225,"Ryan Wills"
745224,"Brian Walsh"
745470,"Emil Jimenez"
745478,"Ryan Additon"
745481,"Doug Eddings"
745561,"Jeremie Rehak"
745563,"Edwin Moscoso"
745567,"Bruce Dreckman"
745572,"Jeremy Riggs"
745575,"Junior Valentine"
745574,"Doug Eddings"
745333,"D.J. Reyburn"
745337,"Rob Drake"
745338,"James Hoye"
745573,"Sean Barber"
745576,"Quinn Wolcott"
745578,"Ryan Blakney"
745577,"Nick Mahrley"
745581,"Marvin Hudson"
745579,"John Tumpane"
745584,"Mike Muchlinski"
745586,"Andy Fletcher"
745585,"D.J. Reyburn"
745587,"Edwin Moscoso"
745583,"Adam Hamari"
745589,"Brian Walsh"
745428,"Lance Barrett"
745425,"Alfonso Márquez"
745424,"Roberto Ortiz"
745595,"Marvin Hudson"
745594,"Nick Mahrley"
745596,"John Tumpane"
745601,"Hunter Wendelstedt"
745196,"Edwin Moscoso"
745195,"Alex MacKay"
745194,"Vic Carapazza"
744871,"Alfonso Márquez"
744873,"Roberto Ortiz"
744874,"Jonathan Parra"
745120,"John Bacon"
745121,"D.J. Reyburn"
745122,"Chad Whitson"
745130,"James Hoye"
745453,"Edwin Jimenez"
745455,"Hunter Wendelstedt"
745456,"Charlie Ramos"
745451,"John Tumpane"
744973,"Quinn Wolcott"
744978,"Ramon De Jesus"
744976,"John Bacon"
745464,"Stu Scheurwater"
745463,"Jordan Baker"
745462,"Dan Merzel"
745381,"James Hoye"
745382,"Rob Drake"
745383,"John Libka"
745466,"Jansen Visconti"
745469,"Andy Fletcher"
745467,"John Bacon"
745472,"Alan Porter"
745475,"Jim Wolf"
745473,"Ryan Blakney"
745484,"Erich Bacchus"
745487,"Mike Estabrook"
745482,"Tripp Gibson"
745485,"Roberto Ortiz"
745486,"Emil Jimenez"
745483,"Lance Barrett"
745168,"Phil Cuzzi"
745171,"Dan Bellino"
745170,"Alex Tosi"
744929,"Erich Bacchus"
744932,"Charlie Ramos"
744928,"Tripp Gibson"
745500,"Tom Hanahan"
745502,"Tony Randazzo"
745503,"Dan Bellino"
745349,"Emil Jimenez"
745350,"Nic Lentz"
745347,"Gabe Morales"
744870,"Jansen Visconti"
744869,"Mike Muchlinski"
744875,"Andy Fletcher"
745287,"Alex MacKay"
745284,"Clint Vondrak"
745286,"Mark Wegner"
745214,"David Arrieta"
745210,"Laz Diaz"
745368,"Tom Hanahan"
745372,"Manny Gonzalez"
745371,"Cory Blaser"
745048,"Jonathan Parra"
745050,"John Tumpane"
745052,"Hunter Wendelstedt"
745135,"Ramon De Jesus"
745134,"Junior Valentine"
745132,"Adrian Johnson"
745133,"Quinn Wolcott"
744827,"Ramon De Jesus"
744824,"Quinn Wolcott"
744828,"Adrian Johnson"
745394,"Charlie Ramos"
745393,"Gabe Morales"
744996,"Lance Barrett"
744998,"John Bacon"
744999,"Alfonso Márquez"
745400,"Edwin Moscoso"
745399,"Brian Walsh"
745397,"Adam Hamari"
745434,"Adrian Johnson"
745431,"Ramon De Jesus"
745430,"Junior Valentine"
745362,"Ryan Blakney"
745359,"Alan Porter"
745361,"Sean Barber"
745440,"John Tumpane"
745439,"Hunter Wendelstedt"
745437,"Marvin Hudson"
745438,"Edwin Moscoso"
745436,"Vic Carapazza"
745435,"Adam Hamari"
745445,"Mark Ripperger"
744955,"Cory Blaser"
744958,"Manny Gonzalez"
744960,"Nestor Ceja"
745206,"Malachi Moore"
745209,"Bill Miller"
745207,"Ryan Blakney"
745208,"Rob Drake"
745128,"Nestor Ceja"
745125,"Will Little"
745131,"Nic Lentz"
745211,"Ryan Blakney"
745213,"Jacob Metz"
745215,"Alan Porter"
745212,"Brock Ballou"
745218,"Tripp Gibson"
745217,"Laz Diaz"
745233,"Jordan Baker"
745235,"Dan Merzel"
745237,"Mark Carlson"
745073,"Brian Knight"
745076,"Charlie Ramos"
745078,"Sean Barber"
745242,"Brian Walsh"
745241,"Adam Hamari"
745247,"Vic Carapazza"
744855,"Tony Randazzo"
744851,"Dan Bellino"
744853,"Alex Tosi"
745027,"Jordan Baker"
745028,"Dan Merzel"
745026,"Mark Carlson"
744950,"Ben May"
744957,"Brock Ballou"
744956,"CB Bucknor"
745282,"Vic Carapazza"
745281,"Adam Hamari"
745280,"Jacob Metz"
744819,"Stu Scheurwater"
744822,"Jordan Baker"
744817,"Dan Merzel"
744821,"Mark Carlson"
745313,"Bill Miller"
745318,"Chad Whitson"
745316,"Malachi Moore"
745165,"Malachi Moore"
745163,"Will Little"
745164,"Alan Porter"
745003,"Ben May"
745001,"Dan Iassogna"
745008,"Edwin Jimenez"
745113,"Bruce Dreckman"
745110,"Mark Wegner"
745112,"Clint Vondrak"
745355,"Gabe Morales"
745357,"Brian Knight"
745363,"Chris Guccione"
744883,"Phil Cuzzi"
744884,"Dan Bellino"
744882,"Alex Tosi"
745143,"Nestor Ceja"
745142,"Cory Blaser"
745141,"Todd Tichenor"
745148,"Shane Livensparger"
745149,"Alex MacKay"
745147,"Chris Conroy"
745145,"Clint Vondrak"
745150,"Lance Barksdale"
745146,"James Jean"
744833,"Jeremie Rehak"
744832,"Clint Vondrak"
744835,"Bruce Dreckman"
744836,"Tom Hanahan"
745036,"Nate Tomlinson"
745038,"David Rackley"
745043,"Larry Vanover"
744907,"D.J. Reyburn"
744905,"John Libka"
744904,"Charlie Ramos"
744993,"Junior Valentine"
744995,"Andy Fletcher"
744992,"David Arrieta"
745072,"Dan Bellino"
745071,"Jeremy Riggs"
745070,"Tony Randazzo"
744937,"Stu Scheurwater"
744938,"Mark Carlson"
744934,"Dan Merzel"
745114,"Lance Barrett"
745111,"Alfonso Márquez"
745109,"Roberto Ortiz"
745115,"Derek Thomas"
745119,"Manny Gonzalez"
745117,"Cory Blaser"
745116,"Todd Tichenor"
744962,"Mike Estabrook"
744959,"Jacob Metz"
744961,"Laz Diaz"
744902,"Roberto Ortiz"
744908,"Mark Ripperger"
744906,"Lance Barrett"
745021,"Jim Wolf"
745023,"Edwin Jimenez"
745018,"Ryan Blakney"
744861,"John Libka"
744862,"Jonathan Parra"
744868,"Rob Drake"
776881,"Marvin Hudson"
776899,"John Bacon"
776914,"Gabe Morales"
776930,"Chris Conroy"
776944,"Jeremie Rehak"
776957,"Brennan Miller"
776976,"Adam Beck"
776991,"CB Bucknor"
777007,"Scott Barry"
777025,"Dan Iassogna"
777033,"Bill Miller"
777043,"Roberto Ortiz"
777057,"Ben May"
777084,"Chris Segal"
777104,"Jim Wolf"
777105,"Alan Porter"
777116,"Tripp Gibson"
777132,"Brian Walsh"
777152,"Junior Valentine"
777156,"Chris Guccione"
777176,"Edwin Moscoso"
777189,"Chad Whitson"
777210,"Malachi Moore"
777227,"Tripp Gibson"
777244,"Andy Fletcher"
777271,"Adam Hamari"
777286,"Todd Tichenor"
777296,"John Tumpane"
777307,"Jonathan Parra"
777326,"Phil Cuzzi"
777337,"Clint Vondrak"
777351,"CB Bucknor"
777371,"Dan Iassogna"
777386,"Adam Beck"
777400,"Jacob Metz"
777411,"Ryan Blakney"
777429,"Tripp Gibson"
777441,"Emil Jimenez"
777456,"Mike Muchlinski"
777469,"Derek Thomas"
777485,"Doug Eddings"
777496,"Ramon De Jesus"
777511,"Adrian Johnson"
777529,"Paul Clemons"
777542,"Gabe Morales"
777564,"Andy Fletcher"
777576,"Malachi Moore"
777588,"John Bacon"
777599,"Lance Barksdale"
777613,"Ryan Wills"
777636,"Brian Walsh"
777643,"Carlos Torres"
777658,"Alfonso Márquez"
777669,"Lance Barrett"
777685,"Tom Hanahan"
777701,"Sean Barber"
777716,"John Libka"
777727,"James Hoye"
777734,"Stu Scheurwater"
777752,"Jordan Baker"
777765,"Roberto Ortiz"
777784,"Chad Fairchild"
777804,"Bill Miller"
777812,"Jansen Visconti"
777828,"Edwin Jimenez"
777843,"Andy Fletcher"
777853,"Malachi Moore"
777867,"Mark Wegner"
777879,"Nate Tomlinson"
777891,"Shane Livensparger"
777946,"Dan Merzel"
777917,"Stu Scheurwater"
777937,"Jordan Baker"
777957,"Edwin Moscoso"
777972,"David Rackley"
777994,"Chris Guccione"
778010,"James Jean"
778024,"Todd Tichenor"
778038,"Nestor Ceja"
778061,"Nic Lentz"
778075,"Edwin Jimenez"
778091,"Vic Carapazza"
778096,"D.J. Reyburn"
778106,"James Hoye"
778122,"Sean Barber"
778143,"John Libka"
778149,"Brian Walsh"
778165,"Alan Porter"
778178,"Alex MacKay"
778192,"Mike Muchlinski"
778197,"Doug Eddings"
778213,"Emil Jimenez"
778239,"Will Little"
778253,"Lance Barksdale"
778261,"Ryan Wills"
778283,"Edwin Jimenez"
778294,"John Tumpane"
778309,"Jeremie Rehak"
778333,"Vic Carapazza"
778346,"Nick Mahrley"
778358,"Nic Lentz"
778381,"James Hoye"
778395,"Sean Barber"
778414,"John Libka"
778423,"CB Bucknor"
778442,"Dan Iassogna"
778456,"Adam Beck"
778471,"Ramon De Jesus"
778494,"Quinn Wolcott"
778501,"Adrian Johnson"
778513,"John Bacon"
778521,"Stu Scheurwater"
778541,"Jordan Baker"
778547,"Mark Carlson"
776907,"Will Little"
776921,"Lance Barksdale"
776928,"Ryan Wills"
776936,"CB Bucknor"
776955,"Scott Barry"
776971,"Dan Iassogna"
776981,"Laz Diaz"
776993,"Mike Estabrook"
777009,"Brian O'Nora"
777041,"Ryan Wills"
777058,"Sean Barber"
777069,"John Libka"
777083,"Shane Livensparger"
777097,"Mark Wegner"
777114,"Nate Tomlinson"
777118,"Brennan Miller"
777133,"John Tumpane"
777147,"Chris Conroy"
777222,"Erich Bacchus"
777237,"Doug Eddings"
777252,"Austin Jones"
777261,"Ron Kulpa"
777279,"Alex Tosi"
777298,"Derek Thomas"
777316,"Willie Traynor"
777333,"Jeremie Rehak"
777342,"Brennan Miller"
777352,"John Tumpane"
777369,"James Jean"
777387,"Adam Hamari"
777389,"Todd Tichenor"
777402,"John Bacon"
777424,"Will Little"
777439,"Lance Barksdale"
777455,"Paul Clemons"
777470,"Edwin Jimenez"
777489,"Quinn Wolcott"
777504,"Jim Wolf"
777523,"Alan Porter"
777535,"Alex MacKay"
777554,"Doug Eddings"
777568,"Emil Jimenez"
777575,"Mike Muchlinski"
777587,"Jansen Visconti"
777598,"Gabe Morales"
777619,"Andy Fletcher"
777640,"Austin Jones"
777654,"Roberto Ortiz"
777672,"Ben May"
777692,"Tony Randazzo"
777706,"Phil Cuzzi"
777719,"Clint Vondrak"
777723,"Mark Wegner"
777735,"Bruce Dreckman"
777748,"Nate Tomlinson"
777783,"Dexter Kelley"
777803,"Dan Iassogna"
777813,"Adam Beck"
777820,"Tripp Gibson"
777841,"Marvin Hudson"
777876,"Tom Hanahan"
777893,"Paul Clemons"
777908,"Quinn Wolcott"
777909,"Bill Miller"
777929,"Chad Fairchild"
777942,"Austin Jones"
777959,"Ben May"
777967,"Tony Randazzo"
777985,"Clint Vondrak"
777998,"Dan Bellino"
778003,"Brian Walsh"
778023,"Alan Porter"
778034,"Alex MacKay"
778049,"Chris Segal"
778060,"Ryan Additon"
778076,"Ryan Wills"
778092,"Will Little"
778102,"Alex Tosi"
778120,"Manny Gonzalez"
778137,"Cory Blaser"
778147,"Clint Vondrak"
778162,"Tony Randazzo"
778177,"Phil Cuzzi"
778214,"Stu Scheurwater"
778229,"Jordan Baker"
778233,"Mark Carlson"
778249,"Charlie Ramos"
778267,"Carlos Torres"
778284,"Lance Barrett"
778297,"Bill Miller"
778311,"Roberto Ortiz"
778322,"Ben May"
778340,"Tom Hanahan"
778353,"Edwin Moscoso"
778367,"David Rackley"
778384,"Mark Carlson"
778393,"Dan Merzel"
778406,"Stu Scheurwater"
778451,"Junior Valentine"
778464,"Ryan Blakney"
778472,"Tony Randazzo"
778487,"Phil Cuzzi"
778500,"Dan Bellino"
778514,"Paul Clemons"
778520,"Ramon De Jesus"
778542,"Quinn Wolcott"
778545,"Adrian Johnson"
776940,"Jim Wolf"
776953,"Alan Porter"
776973,"Alex MacKay"
776984,"Nate Tomlinson"
777002,"Bruce Dreckman"
777014,"Shane Livensparger"
777032,"Brian Walsh"
777040,"Vic Carapazza"
777055,"Nick Mahrley"
777071,"Gabe Morales"
777081,"Emil Jimenez"
777100,"Doug Eddings"
777115,"Edwin Moscoso"
777131,"Chad Whitson"
777150,"Jonathan Parra"
777158,"Ryan Blakney"
777162,"Tripp Gibson"
777185,"Brian Walsh"
777203,"Junior Valentine"
777218,"Nick Mahrley"
777234,"Nate Tomlinson"
777248,"Mark Wegner"
777256,"Ramon De Jesus"
777270,"Paul Clemons"
777278,"Adrian Johnson"
777291,"Quinn Wolcott"
777303,"Alex MacKay"
777318,"Chris Segal"
777332,"Jim Wolf"
777370,"Derek Thomas"
777383,"Cory Blaser"
777393,"Ron Kulpa"
777399,"Austin Jones"
777410,"Mike Estabrook"
777430,"Brian O'Nora"
777448,"Ryan Additon"
777462,"John Bacon"
777479,"Will Little"
777491,"Andy Fletcher"
777515,"James Hoye"
777521,"Jansen Visconti"
777548,"Scott Barry"
777559,"CB Bucknor"
777577,"Dan Iassogna"
777602,"Cory Blaser"
777612,"Manny Gonzalez"
777623,"Alex Tosi"
777679,"Ryan Additon"
777696,"Will Little"
777710,"Lance Barksdale"
777729,"Brennan Miller"
777744,"Chris Conroy"
777761,"John Tumpane"
777766,"Manny Gonzalez"
777786,"Cory Blaser"
777797,"Ron Kulpa"
777824,"Chad Whitson"
777838,"Edwin Moscoso"
777854,"David Rackley"
777870,"Stu Scheurwater"
777887,"Jordan Baker"
777897,"Charlie Ramos"
777916,"Nick Mahrley"
777930,"Nic Lentz"
777939,"Edwin Jimenez"
777954,"Chris Conroy"
777975,"John Tumpane"
777988,"Jeremie Rehak"
777999,"Brennan Miller"
778014,"Ryan Blakney"
778032,"Tripp Gibson"
778039,"Marvin Hudson"
778059,"Gabe Morales"
778078,"Mike Muchlinski"
778086,"Doug Eddings"
778103,"John Bacon"
778117,"Scott Barry"
778130,"Adam Beck"
778188,"Nestor Ceja"
778199,"Adam Hamari"
778212,"Todd Tichenor"
778236,"Chris Segal"
778257,"Jim Wolf"
778268,"Alan Porter"
778291,"Brock Ballou"
778303,"Andy Fletcher"
778318,"Malachi Moore"
778332,"Lance Barrett"
778350,"Alfonso Márquez"
778364,"Charlie Ramos"
778380,"Laz Diaz"
778396,"Brian O'Nora"
778413,"Mike Estabrook"
778429,"Will Little"
778452,"Lance Barksdale"
778457,"Ryan Wills"
778466,"Rob Drake"
778484,"Andy Fletcher"
778492,"Malachi Moore"
778515,"Clint Vondrak"
778532,"Tony Randazzo"
778543,"Phil Cuzzi"
778552,"Dan Bellino"
776888,"Mike Muchlinski"
776902,"Emil Jimenez"
776915,"Doug Eddings"
776948,"Vic Carapazza"
778372,"Mark Ripperger"
776962,"Nick Mahrley"
776966,"Brian Walsh"
776986,"Roberto Ortiz"
776999,"Ben May"
777020,"Chad Fairchild"
777019,"Phil Cuzzi"
777036,"John Bacon"
777056,"Tony Randazzo"
777068,"Dan Bellino"
777076,"James Hoye"
777095,"D.J. Reyburn"
777110,"Sean Barber"
777129,"Mark Ripperger"
777141,"Vic Carapazza"
777157,"Jacob Metz"
777165,"Jansen Visconti"
777181,"Malachi Moore"
777198,"David Arrieta"
777268,"Chad Whitson"
777282,"David Rackley"
777292,"Chris Guccione"
777317,"Dan Iassogna"
777330,"Adam Beck"
777343,"Scott Barry"
777365,"Chad Fairchild"
777380,"Jonathan Parra"
777394,"Phil Cuzzi"
777406,"Jansen Visconti"
777422,"Andy Fletcher"
777438,"Adam Hamari"
777446,"Brock Ballou"
777463,"Shane Livensparger"
777477,"Bruce Dreckman"
777484,"Mark Wegner"
777501,"Nestor Ceja"
777519,"James Jean"
777539,"Adam Hamari"
777540,"Ron Kulpa"
777562,"Tom Hanahan"
777573,"Alex Tosi"
777628,"John Tumpane"
777645,"Jeremie Rehak"
777655,"Brennan Miller"
777684,"Adam Hamari"
777699,"James Jean"
777720,"D.J. Reyburn"
777740,"Brian Walsh"
777754,"Ryan Blakney"
777771,"Tripp Gibson"
777785,"Emil Jimenez"
777790,"Gabe Morales"
777809,"Mike Muchlinski"
777815,"Doug Eddings"
777826,"Phil Cuzzi"
777844,"Clint Vondrak"
777860,"Dan Bellino"
777873,"Brock Ballou"
777890,"Lance Barrett"
777907,"Alfonso Márquez"
777911,"John Libka"
777924,"James Hoye"
777938,"D.J. Reyburn"
777961,"Todd Tichenor"
777973,"Nestor Ceja"
777986,"Adam Hamari"
778007,"Manny Gonzalez"
778011,"Cory Blaser"
778028,"Ron Kulpa"
778062,"Dan Merzel"
778072,"Stu Scheurwater"
778093,"Jordan Baker"
778115,"Lance Barksdale"
778133,"Ryan Additon"
778140,"Ryan Wills"
778155,"Brian O'Nora"
778168,"Erich Bacchus"
778180,"Scott Barry"
778193,"Dan Iassogna"
778204,"CB Bucknor"
778222,"John Bacon"
778250,"Tripp Gibson"
778262,"Marvin Hudson"
778276,"Junior Valentine"
778292,"Ryan Additon"
778301,"Will Little"
778317,"Lance Barksdale"
778344,"John Bacon"
778362,"Mark Wegner"
778422,"Jordan Baker"
778441,"Mark Carlson"
778455,"Dan Merzel"
778470,"Edwin Moscoso"
778483,"David Rackley"
778512,"Chris Guccione"
778525,"Ryan Wills"
778536,"Ryan Additon"
778549,"Will Little"
778556,"Lance Barksdale"
776895,"Brian O'Nora"
776909,"Erich Bacchus"
776922,"Laz Diaz"
776935,"Lance Barrett"
776954,"Alfonso Márquez"
776961,"Carlos Torres"
776983,"Dan Merzel"
776998,"Stu Scheurwater"
777012,"James Jean"
777038,"Nic Lentz"
777045,"Edwin Jimenez"
777063,"Quinn Wolcott"
777075,"Ryan Additon"
777096,"Ryan Wills"
777101,"Will Little"
777130,"Adam Beck"
777144,"Scott Barry"
777155,"CB Bucknor"
777170,"Dan Iassogna"
777179,"Lance Barrett"
777196,"Carlos Torres"
777209,"Alfonso Márquez"
777213,"Ben May"
777228,"Chad Fairchild"
777245,"Bill Miller"
777277,"Brian O'Nora"
777294,"John Bacon"
777300,"Laz Diaz"
777310,"Mark Wegner"
777323,"Brock Ballou"
777345,"Shane Livensparger"
777362,"Alan Porter"
777376,"Alex MacKay"
777381,"Chris Segal"
777395,"Mike Muchlinski"
777417,"Gabe Morales"
777425,"Doug Eddings"
777453,"James Hoye"
777473,"Sean Barber"
777486,"D.J. Reyburn"
777500,"Chris Conroy"
777516,"Jeremie Rehak"
777537,"John Tumpane"
777561,"Tripp Gibson"
777565,"Marvin Hudson"
777584,"Junior Valentine"
777593,"Shane Livensparger"
777605,"Bruce Dreckman"
777627,"Mark Wegner"
777649,"David Rackley"
777667,"Chris Guccione"
777670,"Chad Whitson"
777736,"Nestor Ceja"
777747,"Adam Hamari"
777764,"James Jean"
777831,"Laz Diaz"
777851,"Mike Estabrook"
777856,"Brian O'Nora"
777927,"Alex MacKay"
777940,"Brian Walsh"
777951,"Jim Wolf"
777965,"Cory Blaser"
777977,"Ron Kulpa"
777990,"Alex Tosi"
778006,"Adam Beck"
778018,"CB Bucknor"
778037,"John Bacon"
778063,"Austin Jones"
778073,"Chad Fairchild"
778089,"Bill Miller"
778095,"Erich Bacchus"
778114,"Derek Thomas"
778127,"Mike Estabrook"
778157,"Jordan Baker"
778179,"Dan Merzel"
778169,"Brock Ballou"
778196,"Carlos Torres"
778207,"Lance Barrett"
778224,"Alfonso Márquez"
778238,"Phil Cuzzi"
778245,"Dan Bellino"
778264,"Clint Vondrak"
778275,"Tony Randazzo"
778298,"Emil Jimenez"
778319,"Gabe Morales"
778328,"Mike Muchlinski"
778338,"Brian Walsh"
778349,"Paul Clemons"
778366,"Quinn Wolcott"
778377,"Manny Gonzalez"
778386,"Cory Blaser"
778404,"Ron Kulpa"
778426,"Alex Tosi"
778443,"Malachi Moore"
778432,"Andy Fletcher"
778463,"Jansen Visconti"
778516,"Nestor Ceja"
778531,"Adam Hamari"
778550,"Hunter Wendelstedt"
778553,"Todd Tichenor"
776929,"John Libka"
776956,"D.J. Reyburn"
776965,"James Hoye"
776989,"Vic Carapazza"
776994,"Nick Mahrley"
777017,"Mark Ripperger"
777031,"Tom Hanahan"
777047,"Lance Barrett"
777065,"Clint Vondrak"
777122,"Quinn Wolcott"
777142,"Ramon De Jesus"
777153,"Paul Clemons"
777166,"Alan Porter"
777173,"Alex MacKay"
777190,"Chris Segal"
777219,"Todd Tichenor"
777229,"John Tumpane"
777246,"James Jean"
777259,"Vic Carapazza"
777266,"Jacob Metz"
777287,"Nic Lentz"
777308,"Lance Barrett"
777320,"Brian Walsh"
777336,"Carlos Torres"
777348,"Quinn Wolcott"
777357,"Ramon De Jesus"
777373,"Paul Clemons"
777392,"Adrian Johnson"
777403,"Edwin Moscoso"
777419,"Chad Whitson"
777436,"Chris Guccione"
777450,"Adam Beck"
777482,"Scott Barry"
777497,"Phil Cuzzi"
777513,"Clint Vondrak"
777526,"Dan Bellino"
777541,"Tony Randazzo"
777553,"Charlie Ramos"
777571,"Vic Carapazza"
777578,"Stu Scheurwater"
777594,"Derek Thomas"
777609,"Doug Eddings"
777626,"Emil Jimenez"
777632,"Nate Tomlinson"
777650,"Shane Livensparger"
777659,"Bruce Dreckman"
777687,"Brian O'Nora"
777704,"Erich Bacchus"
777712,"Laz Diaz"
777731,"Nic Lentz"
777751,"Vic Carapazza"
777757,"Mark Ripperger"
777779,"Clint Vondrak"
777791,"Dan Bellino"
777811,"John Bacon"
777833,"CB Bucknor"
777850,"Dan Iassogna"
777863,"Adam Beck"
777872,"Jeremie Rehak"
777881,"Brennan Miller"
777900,"Chris Conroy"
777921,"Ron Kulpa"
777936,"Alex Tosi"
777952,"Manny Gonzalez"
777968,"Will Little"
777982,"Lance Barksdale"
778001,"Ryan Additon"
778020,"Chad Fairchild"
778027,"Bill Miller"
778044,"Roberto Ortiz"
778054,"Malachi Moore"
778071,"Ben May"
778080,"Jansen Visconti"
778100,"Lance Barrett"
778112,"Alfonso Márquez"
778135,"Charlie Ramos"
778158,"Mark Ripperger"
778174,"Vic Carapazza"
778182,"Nick Mahrley"
778205,"Adrian Johnson"
778220,"Paul Clemons"
778288,"Nick Mahrley"
778305,"Nic Lentz"
778315,"Mark Ripperger"
778331,"Sean Barber"
778345,"John Libka"
778356,"D.J. Reyburn"
778385,"Ben May"
778401,"Chad Fairchild"
778411,"Bill Miller"
778430,"Mark Wegner"
778450,"Nate Tomlinson"
778460,"Shane Livensparger"
778564,"Alan Porter"
778563,"Bill Miller"
776941,"Austin Jones"
776963,"Jansen Visconti"
776967,"Andy Fletcher"
776982,"Adam Hamari"
777000,"Willie Traynor"
777013,"Todd Tichenor"
777026,"Jordan Baker"
777042,"Dan Merzel"
777064,"Stu Scheurwater"
777087,"Ron Kulpa"
777092,"Manny Gonzalez"
777111,"Alex Tosi"
777128,"Jansen Visconti"
777140,"David Arrieta"
777160,"David Rackley"
777168,"Jeremie Rehak"
777183,"Brennan Miller"
777197,"John Tumpane"
777208,"Chris Conroy"
777217,"Lance Barksdale"
777233,"Will Little"
777255,"Ryan Wills"
777312,"John Libka"
777328,"Sean Barber"
777346,"James Hoye"
777367,"Nate Tomlinson"
777385,"Mark Wegner"
777390,"Brock Ballou"
777407,"Scott Barry"
777415,"CB Bucknor"
777433,"Dan Iassogna"
777452,"Phil Cuzzi"
777474,"David Rackley"
777478,"Tony Randazzo"
777505,"Lance Barrett"
777517,"Brian Walsh"
777538,"Carlos Torres"
777549,"Nestor Ceja"
777569,"Todd Tichenor"
777580,"James Jean"
777647,"Vic Carapazza"
777668,"Mark Ripperger"
777671,"Nick Mahrley"
777733,"Carlos Torres"
777750,"Ron Kulpa"
777760,"Alex Tosi"
777834,"Emil Jimenez"
777847,"Gabe Morales"
777859,"Mike Muchlinski"
777874,"Ramon De Jesus"
777892,"Austin Jones"
777902,"Ben May"
777912,"Marvin Hudson"
777928,"Junior Valentine"
777945,"Ryan Blakney"
777963,"CB Bucknor"
777979,"Brock Ballou"
777989,"Dan Iassogna"
778058,"James Hoye"
778077,"Sean Barber"
778087,"John Libka"
778107,"Nate Tomlinson"
778134,"Bruce Dreckman"
778119,"Shane Livensparger"
778141,"Mark Wegner"
778148,"Paul Clemons"
778161,"Ramon De Jesus"
778181,"Quinn Wolcott"
778208,"Jeremie Rehak"
778219,"Chris Conroy"
778230,"Brennan Miller"
778285,"Alex MacKay"
778304,"Chris Segal"
778316,"Jim Wolf"
778343,"Dan Merzel"
778357,"Stu Scheurwater"
778374,"Jordan Baker"
778376,"Brennan Miller"
778397,"Edwin Jimenez"
778410,"John Tumpane"
778421,"Derek Thomas"
778439,"Laz Diaz"
778453,"Erich Bacchus"
778468,"Mike Estabrook"
778480,"Nic Lentz"
778498,"Mark Ripperger"
778511,"Vic Carapazza"
778522,"Manny Gonzalez"
778540,"Cory Blaser"
778561,"Ron Kulpa"
776892,"Scott Barry"
776905,"Dan Iassogna"
776924,"Adam Beck"
776942,"Bruce Dreckman"
776951,"Shane Livensparger"
776968,"Mark Wegner"
776975,"Nic Lentz"
776990,"Quinn Wolcott"
777010,"Malachi Moore"
777120,"Dan Merzel"
777138,"Jordan Baker"
777146,"Dan Bellino"
777164,"Stu Scheurwater"
777174,"Emil Jimenez"
777192,"Gabe Morales"
777202,"Mike Muchlinski"
777226,"Jeremie Rehak"
777240,"Brennan Miller"
777249,"Willie Traynor"
777309,"Ryan Wills"
777329,"Ryan Additon"
777349,"John Bacon"
777354,"Tom Hanahan"
777368,"Bill Miller"
777384,"Roberto Ortiz"
777440,"Nick Mahrley"
777454,"Vic Carapazza"
777472,"Nic Lentz"
777495,"Emil Jimenez"
777507,"Mike Muchlinski"
777520,"Derek Thomas"
777591,"Paul Clemons"
777608,"Ramon De Jesus"
777622,"Quinn Wolcott"
777644,"Cory Blaser"
777653,"Ron Kulpa"
777664,"Manny Gonzalez"
777683,"Ryan Blakney"
777703,"Tripp Gibson"
777721,"Marvin Hudson"
777739,"Mike Estabrook"
777753,"Brian O'Nora"
777769,"Erich Bacchus"
777780,"Lance Barksdale"
777796,"Ryan Wills"
777807,"Ryan Additon"
777821,"Will Little"
777829,"Shane Livensparger"
777861,"Bruce Dreckman"
777925,"Mike Muchlinski"
777944,"Doug Eddings"
777960,"Emil Jimenez"
777971,"Alan Porter"
777983,"Alex MacKay"
777997,"Chris Segal"
778022,"Jacob Metz"
778026,"Clint Vondrak"
778046,"Tony Randazzo"
778056,"Scott Barry"
778064,"Adam Beck"
778081,"CB Bucknor"
778108,"Andy Fletcher"
778116,"Malachi Moore"
778129,"Ben May"
778139,"Jansen Visconti"
778206,"Mark Ripperger"
778218,"Vic Carapazza"
778227,"Nick Mahrley"
778242,"John Tumpane"
778254,"Jeremie Rehak"
778271,"Chris Conroy"
778342,"Cory Blaser"
778359,"Ron Kulpa"
778375,"Alex Tosi"
778378,"Dan Iassogna"
778391,"Adam Beck"
778402,"Scott Barry"
778425,"Phil Cuzzi"
778437,"Dan Bellino"
778447,"Clint Vondrak"
778476,"Stu Scheurwater"
778485,"Jordan Baker"
778499,"Mark Carlson"
778510,"Gabe Morales"
778529,"Mike Muchlinski"
778558,"Doug Eddings"
776886,"Alfonso Márquez"
776904,"Carlos Torres"
776919,"Charlie Ramos"
777028,"Nestor Ceja"
777049,"Adam Hamari"
777053,"Willie Traynor"
777072,"Tyler Jones"
777080,"Junior Valentine"
777102,"Ryan Blakney"
777215,"James Hoye"
777232,"D.J. Reyburn"
777243,"Emil Jimenez"
777264,"Brock Ballou"
777269,"Nick Mahrley"
777285,"Nate Tomlinson"
777301,"Ramon De Jesus"
777321,"Paul Clemons"
777339,"Adrian Johnson"
777344,"Nic Lentz"
777358,"Mark Ripperger"
777379,"Nick Mahrley"
777445,"Charlie Ramos"
777461,"Jordan Baker"
777480,"Stu Scheurwater"
777488,"Erich Bacchus"
777534,"Edwin Jimenez"
777547,"Ramon De Jesus"
777563,"Adrian Johnson"
777583,"Willie Traynor"
777604,"Brennan Miller"
777616,"Chris Conroy"
777652,"Mike Muchlinski"
777666,"Derek Thomas"
777673,"Doug Eddings"
777686,"Jordan Baker"
777700,"Charlie Ramos"
777718,"Dan Merzel"
777768,"Edwin Jimenez"
777782,"Andy Fletcher"
777802,"Malachi Moore"
777817,"Jonathan Parra"
777823,"Manny Gonzalez"
777842,"Cory Blaser"
777852,"Ron Kulpa"
777918,"Nestor Ceja"
777934,"Adam Hamari"
777949,"James Jean"
777955,"Tripp Gibson"
777976,"Marvin Hudson"
777993,"Junior Valentine"
778029,"Edwin Jimenez"
778004,"Mark Ripperger"
778013,"Vic Carapazza"
778048,"Chris Guccione"
778069,"Tom Hanahan"
778082,"Edwin Moscoso"
778098,"David Rackley"
778195,"Dan Bellino"
778190,"Clint Vondrak"
778215,"Tony Randazzo"
778266,"Austin Jones"
778235,"Nestor Ceja"
778247,"Adam Hamari"
778287,"Mike Estabrook"
778302,"Laz Diaz"
778326,"Erich Bacchus"
778330,"Brennan Miller"
778352,"Edwin Jimenez"
778361,"John Tumpane"
778371,"Jim Wolf"
778379,"Alan Porter"
778394,"Alex MacKay"
778467,"Ryan Additon"
778482,"Will Little"
778502,"Lance Barksdale"
778524,"Shane Livensparger"
778537,"Bruce Dreckman"
778560,"Mark Wegner"
776885,"Jeremie Rehak"
776898,"Brennan Miller"
776916,"John Tumpane"
776939,"Clint Vondrak"
776952,"Dan Bellino"
776972,"Phil Cuzzi"
777030,"Mark Wegner"
777048,"Nate Tomlinson"
777059,"Bruce Dreckman"
777074,"Jansen Visconti"
777090,"John Tumpane"
777107,"Malachi Moore"
777172,"Adam Beck"
777188,"Scott Barry"
777212,"CB Bucknor"
777253,"Chris Segal"
777267,"Jim Wolf"
777280,"Alan Porter"
777311,"Ryan Blakney"
777327,"Marvin Hudson"
777338,"Jacob Metz"
777408,"Jordan Baker"
777418,"Stu Scheurwater"
777435,"Erich Bacchus"
777447,"Carlos Torres"
777458,"Brian Walsh"
777467,"Alfonso Márquez"
777493,"Marvin Hudson"
777508,"Junior Valentine"
777524,"Ryan Blakney"
777546,"Brennan Miller"
777550,"Chris Conroy"
777567,"Jeremie Rehak"
777590,"Mark Ripperger"
777606,"Nick Mahrley"
777618,"Nic Lentz"
777634,"Alan Porter"
777639,"Alex MacKay"
777661,"Chris Segal"
777674,"Jim Wolf"
777737,"Tom Hanahan"
777749,"Sean Barber"
777758,"John Libka"
777777,"Edwin Moscoso"
777792,"David Rackley"
777805,"Chris Guccione"
777830,"Lance Barksdale"
777846,"Ryan Wills"
777857,"Ryan Additon"
777966,"Bill Miller"
777978,"Roberto Ortiz"
777991,"Austin Jones"
778008,"James Hoye"
778012,"Sean Barber"
778033,"John Libka"
778043,"D.J. Reyburn"
778055,"Shane Livensparger"
778066,"Bruce Dreckman"
778079,"Mark Wegner"
778094,"Emil Jimenez"
778111,"Gabe Morales"
778125,"Mike Muchlinski"
778189,"Derek Thomas"
778201,"Laz Diaz"
778216,"Brian O'Nora"
778433,"Mark Ripperger"
778445,"Vic Carapazza"
778458,"Nick Mahrley"
778474,"John Libka"
778490,"D.J. Reyburn"
778506,"James Hoye"
778527,"Chris Segal"
778534,"Jim Wolf"
778554,"Alan Porter"
776890,"Nick Mahrley"
776912,"Mark Ripperger"
776913,"Brian Walsh"
776987,"Austin Jones"
777003,"Paul Clemons"
777016,"Adrian Johnson"
777021,"Ramon De Jesus"
777029,"Adam Beck"
777044,"CB Bucknor"
777060,"Scott Barry"
777073,"Alfonso Márquez"
777088,"Tom Hanahan"
777098,"Lance Barrett"
777121,"John Libka"
777145,"Erich Bacchus"
777161,"James Hoye"
777182,"Dan Merzel"
777195,"Jordan Baker"
777211,"Stu Scheurwater"
777258,"Ryan Additon"
777265,"Lance Barksdale"
777284,"Will Little"
777314,"James Jean"
777324,"Adam Hamari"
777334,"Todd Tichenor"
777409,"Edwin Jimenez"
777420,"Quinn Wolcott"
777431,"Ramon De Jesus"
777451,"Edwin Moscoso"
777464,"Dexter Kelley"
777475,"Chad Whitson"
777677,"Mark Wegner"
777694,"Nate Tomlinson"
777711,"Shane Livensparger"
777738,"Dan Bellino"
777755,"Tony Randazzo"
777770,"Phil Cuzzi"
777827,"Austin Jones"
777840,"Roberto Ortiz"
777862,"Bill Miller"
777871,"Steven Jaschinski"
777886,"Ryan Blakney"
777906,"Tripp Gibson"
777969,"Jansen Visconti"
777987,"Andy Fletcher"
777996,"Malachi Moore"
778050,"Alex Tosi"
778067,"Manny Gonzalez"
778085,"Cory Blaser"
778101,"Ron Kulpa"
778110,"Roberto Ortiz"
778124,"Austin Jones"
778142,"Chad Fairchild"
778209,"Marvin Hudson"
778221,"Junior Valentine"
778228,"Ryan Blakney"
778246,"Ramon De Jesus"
778265,"Quinn Wolcott"
778277,"Adrian Johnson"
778286,"Paul Clemons"
778295,"Adam Beck"
778310,"Scott Barry"
778323,"Dan Iassogna"
778335,"Jansen Visconti"
778348,"Brock Ballou"
778363,"Andy Fletcher"
778387,"Nate Tomlinson"
778403,"Shane Livensparger"
778424,"Bruce Dreckman"
778469,"Scott Barry"
778486,"CB Bucknor"
778496,"Dan Iassogna"
778533,"Jeremie Rehak"
778544,"John Tumpane"
778546,"Chris Conroy"
776937,"Ryan Additon"
776950,"Will Little"
776969,"Lance Barksdale"
777067,"Todd Tichenor"
777086,"Nestor Ceja"
777099,"Adam Hamari"
777125,"Clint Vondrak"
777137,"Phil Cuzzi"
777154,"Marvin Hudson"
777206,"Paul Clemons"
777221,"Adrian Johnson"
777235,"Quinn Wolcott"
777350,"Ryan Blakney"
777366,"Marvin Hudson"
777377,"Nestor Ceja"
777397,"Tom Hanahan"
777414,"D.J. Reyburn"
777428,"John Libka"
777494,"Laz Diaz"
777510,"Mike Estabrook"
777527,"Brian O'Nora"
777630,"James Hoye"
777648,"John Libka"
777663,"D.J. Reyburn"
777690,"Nic Lentz"
777693,"Vic Carapazza"
777714,"Mark Ripperger"
777725,"Nick Mahrley"
777774,"Laz Diaz"
777787,"Mike Estabrook"
777800,"Brian O'Nora"
777822,"Erich Bacchus"
777832,"Jim Wolf"
777848,"Alan Porter"
777858,"Chris Segal"
777869,"Nick Mahrley"
777882,"Nic Lentz"
777895,"Edwin Jimenez"
777910,"Mark Ripperger"
777920,"David Rackley"
777931,"Chris Guccione"
777948,"John Bacon"
778015,"Chris Conroy"
778031,"John Tumpane"
778042,"Jeremie Rehak"
778152,"CB Bucknor"
778167,"John Bacon"
778187,"Chris Segal"
778200,"John Libka"
778217,"D.J. Reyburn"
778231,"James Hoye"
778237,"Gabe Morales"
778259,"Mike Muchlinski"
778269,"Doug Eddings"
778290,"Ramon De Jesus"
778308,"Quinn Wolcott"
778325,"Adrian Johnson"
778329,"Alan Porter"
778351,"Alex MacKay"
778368,"Chris Segal"
778383,"Carlos Torres"
778398,"Lance Barrett"
778405,"Alfonso Márquez"
778419,"Chris Conroy"
778440,"Brennan Miller"
778462,"Edwin Jimenez"
778475,"Adam Hamari"
778489,"Hunter Wendelstedt"
778505,"Todd Tichenor"
778530,"Jansen Visconti"
778518,"Rob Drake"
778559,"Andy Fletcher"
776893,"Bruce Dreckman"
776900,"Mark Wegner"
776920,"Nate Tomlinson"
777082,"Edwin Moscoso"
777093,"James Jean"
777109,"Jordan Baker"
777124,"Alex MacKay"
777136,"Chris Segal"
777151,"Jim Wolf"
777177,"Laz Diaz"
777194,"Mike Estabrook"
777204,"Brian O'Nora"
777251,"David Arrieta"
777262,"Malachi Moore"
777281,"Tripp Gibson"
777297,"Andy Fletcher"
777304,"Cory Blaser"
777319,"Ron Kulpa"
777335,"Alex Tosi"
777353,"D.J. Reyburn"
777359,"John Libka"
777378,"Sean Barber"
777396,"Vic Carapazza"
777413,"Nic Lentz"
777426,"Mark Ripperger"
777443,"Willie Traynor"
777460,"Jansen Visconti"
777468,"Gabe Morales"
777536,"Alfonso Márquez"
777551,"Lance Barrett"
777572,"Brian Walsh"
777642,"Scott Barry"
777635,"James Jean"
777660,"Nestor Ceja"
777772,"Todd Tichenor"
777788,"Nestor Ceja"
777799,"Adam Hamari"
777819,"Jordan Baker"
777836,"Charlie Ramos"
777855,"Dan Merzel"
777864,"Doug Eddings"
777885,"Emil Jimenez"
777901,"Gabe Morales"
778097,"Nick Mahrley"
778113,"Nic Lentz"
778128,"Edwin Jimenez"
778300,"Ryan Blakney"
778312,"Tripp Gibson"
778327,"Marvin Hudson"
778373,"Mark Ripperger"
778388,"Vic Carapazza"
778400,"Nick Mahrley"
778412,"Nic Lentz"
778477,"John Tumpane"
778488,"Chris Conroy"
778504,"Brennan Miller"
776932,"Jacob Metz"
776945,"Marvin Hudson"
776958,"Junior Valentine"
776977,"Charlie Ramos"
776995,"Doug Eddings"
777006,"Mike Muchlinski"
777018,"Emil Jimenez"
777034,"Erich Bacchus"
777054,"Laz Diaz"
777061,"Mike Estabrook"
777078,"Steven Jaschinski"
777089,"Chris Conroy"
777106,"Jeremie Rehak"
777159,"Nate Tomlinson"
777171,"Bruce Dreckman"
777180,"Shane Livensparger"
777200,"Brock Ballou"
777214,"Charlie Ramos"
777231,"Dan Merzel"
777242,"Jordan Baker"
777305,"Mark Ripperger"
777315,"Nick Mahrley"
777331,"Malachi Moore"
777449,"Roberto Ortiz"
777466,"Ben May"
777476,"Chad Fairchild"
777487,"Bill Miller"
777589,"Carlos Torres"
777603,"Alfonso Márquez"
777614,"Lance Barrett"
777728,"Ben May"
777745,"Bill Miller"
777763,"Austin Jones"
777767,"Charlie Ramos"
777781,"Dan Merzel"
777798,"Stu Scheurwater"
777866,"Jonathan Parra"
777884,"Alex Tosi"
777899,"Cory Blaser"
777914,"John Tumpane"
777932,"Jeremie Rehak"
777947,"Brennan Miller"
778000,"Tom Hanahan"
778009,"Edwin Moscoso"
778025,"David Rackley"
778104,"Chris Segal"
778121,"Jim Wolf"
778144,"Nate Tomlinson"
778166,"Shane Livensparger"
778186,"Bruce Dreckman"
778191,"Edwin Moscoso"
778202,"David Rackley"
778211,"Chris Guccione"
778232,"Laz Diaz"
778243,"Erich Bacchus"
778260,"Brian O'Nora"
778281,"Alfonso Márquez"
778289,"Charlie Ramos"
778306,"Carlos Torres"
778382,"Malachi Moore"
778399,"Jansen Visconti"
778417,"Rob Drake"
778473,"Mike Muchlinski"
778495,"Doug Eddings"
778503,"Emil Jimenez"
776889,"Dan Bellino"
776901,"Phil Cuzzi"
776918,"Tony Randazzo"
777022,"Charlie Ramos"
777039,"Doug Eddings"
777051,"Mike Muchlinski"
777070,"Chad Fairchild"
777085,"Bill Miller"
777103,"Roberto Ortiz"
777119,"John Bacon"
777127,"Mike Estabrook"
777143,"Brian O'Nora"
777175,"D.J. Reyburn"
777193,"John Libka"
777201,"Sean Barber"
777398,"Carlos Torres"
777416,"Alfonso Márquez"
777427,"Lance Barrett"
777442,"Marvin Hudson"
777457,"Jacob Metz"
777471,"Ryan Blakney"
777490,"Tripp Gibson"
777498,"CB Bucknor"
777506,"Dan Iassogna"
777522,"Adam Beck"
777543,"Erich Bacchus"
777560,"Laz Diaz"
777579,"Mike Estabrook"
777582,"Alex MacKay"
777601,"Chris Segal"
777620,"Jim Wolf"
777631,"Malachi Moore"
777638,"Jansen Visconti"
777657,"Gabe Morales"
777675,"Andy Fletcher"
777682,"Chris Conroy"
777698,"John Tumpane"
777708,"Jeremie Rehak"
777773,"Marvin Hudson"
777789,"Derek Thomas"
777808,"Ryan Blakney"
778017,"Brian O'Nora"
778035,"Erich Bacchus"
778047,"Laz Diaz"
778109,"Chris Guccione"
778123,"Tom Hanahan"
778132,"Edwin Moscoso"
778145,"D.J. Reyburn"
778163,"James Hoye"
778176,"Sean Barber"
778234,"Nic Lentz"
778251,"Mark Ripperger"
778263,"Vic Carapazza"
778392,"Chris Guccione"
778409,"Tom Hanahan"
778418,"Edwin Moscoso"
778434,"Hunter Wendelstedt"
778448,"Todd Tichenor"
778459,"Nestor Ceja"
776891,"Alan Porter"
776910,"Alex MacKay"
776925,"Chris Segal"
776934,"Mike Estabrook"
776946,"Brian O'Nora"
776960,"Erich Bacchus"
776978,"John Bacon"
776996,"Tony Randazzo"
777008,"Dan Bellino"
777037,"Austin Jones"
777052,"Paul Clemons"
777062,"Adrian Johnson"
777224,"Ron Kulpa"
777238,"Alex Tosi"
777254,"Cory Blaser"
777263,"Sean Barber"
777275,"James Hoye"
777293,"D.J. Reyburn"
777347,"Alfonso Márquez"
777355,"Lance Barrett"
777364,"Brian Walsh"
777444,"Laz Diaz"
777465,"Austin Jones"
777481,"Mike Estabrook"
777483,"Brian O'Nora"
777503,"Brock Ballou"
777514,"Alex Tosi"
777530,"Cory Blaser"
777552,"Chris Segal"
777566,"Jim Wolf"
777574,"Alan Porter"
777592,"Roberto Ortiz"
777611,"Ben May"
777625,"Chad Fairchild"
777689,"Alex Tosi"
777705,"Jonathan Parra"
777717,"Cory Blaser"
777726,"Ramon De Jesus"
777742,"Quinn Wolcott"
777756,"Adrian Johnson"
777877,"John Bacon"
777889,"Phil Cuzzi"
777903,"Tony Randazzo"
778136,"Doug Eddings"
778154,"Emil Jimenez"
778175,"Gabe Morales"
778248,"Ron Kulpa"
778252,"Alex Tosi"
778274,"Manny Gonzalez"
778337,"Chad Fairchild"
778354,"Bill Miller"
778369,"Roberto Ortiz"
778390,"Adrian Johnson"
778407,"Brian Walsh"
778416,"Paul Clemons"
778481,"Bruce Dreckman"
778497,"Mark Wegner"
778509,"Nate Tomlinson"
778519,"Roberto Ortiz"
778539,"Ben May"
778548,"Chad Fairchild"
778562,"Bill Miller"
776894,"David Rackley"
776903,"Chris Guccione"
776917,"Edwin Moscoso"
777024,"Junior Valentine"
777035,"Ryan Blakney"
777050,"Tripp Gibson"
777123,"Carlos Torres"
777135,"Alfonso Márquez"
777149,"Tom Hanahan"
777257,"Chris Conroy"
777289,"Brennan Miller"
777276,"Jeremie Rehak"
777361,"Will Little"
777374,"Ryan Wills"
777391,"Ryan Additon"
777401,"Ben May"
777412,"Chad Fairchild"
777434,"Bill Miller"
777492,"Charlie Ramos"
777512,"Vic Carapazza"
777525,"Stu Scheurwater"
777532,"Dan Merzel"
777586,"Chris Guccione"
777597,"Jacob Metz"
777617,"Edwin Moscoso"
777688,"Adam Beck"
777702,"Brock Ballou"
777715,"Derek Thomas"
777776,"Shane Livensparger"
777794,"Bruce Dreckman"
777806,"Mark Wegner"
777814,"Nate Tomlinson"
777865,"Brian Walsh"
777883,"Jim Wolf"
777898,"Alan Porter"
777964,"Sean Barber"
777981,"John Libka"
778002,"D.J. Reyburn"
778150,"Junior Valentine"
778164,"Ryan Blakney"
778184,"Tripp Gibson"
778194,"Jim Wolf"
778198,"Brian Walsh"
778210,"Alan Porter"
778226,"Alex MacKay"
778523,"Ryan Blakney"
778538,"Tripp Gibson"
778557,"Marvin Hudson"
776979,"Alex Tosi"
776997,"Cory Blaser"
777011,"Ron Kulpa"
777113,"Gabe Morales"
777134,"Mike Muchlinski"
777148,"Austin Jones"
777220,"Jacob Metz"
777230,"Nic Lentz"
777247,"Mark Ripperger"
777356,"Chris Conroy"
777363,"Willie Traynor"
777375,"Jeremie Rehak"
777388,"Brennan Miller"
777533,"Lance Barksdale"
777556,"Ryan Wills"
777557,"James Hoye"
777585,"Dan Merzel"
777600,"Chad Whitson"
777615,"Jordan Baker"
777680,"Bill Miller"
777695,"Austin Jones"
777713,"Roberto Ortiz"
777732,"Dan Iassogna"
777746,"Adam Beck"
777762,"CB Bucknor"
777956,"Quinn Wolcott"
777974,"Adrian Johnson"
777992,"Paul Clemons"
778299,"Todd Tichenor"
778307,"Nestor Ceja"
778324,"Adam Hamari"
778517,"Mike Estabrook"
778528,"Brian O'Nora"
778551,"Laz Diaz"
776887,"Jansen Visconti"
776911,"Andy Fletcher"
776926,"Nic Lentz"
776931,"Derek Thomas"
776947,"Mike Muchlinski"
776959,"Emil Jimenez"
776974,"Ryan Blakney"
776985,"Tripp Gibson"
777004,"Marvin Hudson"
777216,"John Bacon"
777241,"Laz Diaz"
777250,"Mike Estabrook"
777313,"Bill Miller"
777325,"Roberto Ortiz"
777341,"Ben May"
777405,"Chris Conroy"
777423,"Clint Vondrak"
777437,"Jonathan Parra"
777502,"Lance Barksdale"
777518,"Ryan Wills"
777528,"Ryan Additon"
777544,"Chad Whitson"
777555,"Edwin Moscoso"
777570,"David Rackley"
777878,"Adam Hamari"
777888,"James Jean"
777904,"Todd Tichenor"
777919,"Carlos Torres"
777943,"Brock Ballou"
777950,"Lance Barrett"
778068,"Brian Walsh"
778053,"Jim Wolf"
778084,"Alex MacKay"
778138,"Carlos Torres"
778153,"Lance Barrett"
778173,"Alfonso Márquez"
778183,"Charlie Ramos"
778203,"Mark Wegner"
778223,"Nate Tomlinson"
778225,"Shane Livensparger"
778244,"Bill Miller"
778256,"Roberto Ortiz"
778270,"Ben May"
778278,"Chad Fairchild"
778435,"Doug Eddings"
778446,"Emil Jimenez"
778465,"Gabe Morales"
776927,"Chad Whitson"
776938,"David Rackley"
776949,"Chris Guccione"
776970,"Edwin Moscoso"
776988,"Sean Barber"
777001,"John Libka"
777015,"D.J. Reyburn"
777027,"Manny Gonzalez"
777046,"Alex Tosi"
777066,"Cory Blaser"
777169,"Nic Lentz"
777184,"Mark Ripperger"
777187,"Vic Carapazza"
777260,"Gabe Morales"
777274,"Erich Bacchus"
777283,"Doug Eddings"
777295,"Austin Jones"
777818,"Lance Barrett"
777835,"Alfonso Márquez"
777849,"Carlos Torres"
777915,"Bruce Dreckman"
777926,"Mark Wegner"
777941,"Nate Tomlinson"
778019,"Ramon De Jesus"
778041,"Quinn Wolcott"
778045,"Adrian Johnson"
778057,"Alfonso Márquez"
778074,"Charlie Ramos"
778088,"Carlos Torres"
778156,"Chris Conroy"
778170,"Brennan Miller"
778185,"John Tumpane"
778240,"Adam Beck"
778255,"Scott Barry"
778272,"Dan Iassogna"
778282,"John Bacon"
778339,"Ryan Wills"
778355,"Ryan Additon"
778370,"Will Little"
778428,"David Rackley"
778449,"Chris Guccione"
778461,"Tom Hanahan"
777117,"Bruce Dreckman"
777126,"Shane Livensparger"
777139,"Nick Mahrley"
777163,"Edwin Jimenez"
777186,"Clint Vondrak"
777199,"Phil Cuzzi"
777290,"Roberto Ortiz"
777273,"Ben May"
777306,"Chad Fairchild"
777499,"Tom Hanahan"
777509,"Edwin Moscoso"
777531,"Chris Guccione"
777595,"Scott Barry"
777607,"Nestor Ceja"
777621,"Todd Tichenor"
777637,"Adrian Johnson"
777651,"Paul Clemons"
777665,"Ramon De Jesus"
777880,"Derek Thomas"
777894,"James Hoye"
777905,"Sean Barber"
777922,"Lance Barksdale"
777933,"Clint Vondrak"
777953,"Phil Cuzzi"
778005,"Ryan Wills"
778021,"Will Little"
778040,"Lance Barksdale"
778099,"Brock Ballou"
778118,"Dan Merzel"
778131,"Stu Scheurwater"
778279,"Phil Cuzzi"
778296,"Dan Bellino"
778313,"Clint Vondrak"
778320,"Tony Randazzo"
778336,"Adam Beck"
778347,"Scott Barry"
778365,"CB Bucknor"
778526,"Carlos Torres"
778535,"Lance Barrett"
778555,"Alfonso Márquez"
776933,"Ron Kulpa"
776943,"Brock Ballou"
776964,"Manny Gonzalez"
777205,"Edwin Jimenez"
777225,"Chris Guccione"
777236,"Edwin Moscoso"
777272,"Stu Scheurwater"
777288,"Charlie Ramos"
777299,"Dan Merzel"
777404,"Shane Livensparger"
777421,"Bruce Dreckman"
777432,"Mark Wegner"
777681,"Malachi Moore"
777691,"Jansen Visconti"
777707,"Edwin Jimenez"
778016,"Ben May"
778030,"Jansen Visconti"
778036,"Andy Fletcher"
778051,"Derek Thomas"
778065,"Mike Estabrook"
778090,"Brian O'Nora"
778280,"Cory Blaser"
778293,"Ron Kulpa"
778314,"Alex Tosi"
778321,"Manny Gonzalez"
778389,"Lance Barksdale"
778408,"Ryan Wills"
778415,"Ryan Additon"
778479,"Tripp Gibson"
778493,"Marvin Hudson"
778508,"Junior Valentine"
776884,"Brock Ballou"
776896,"Manny Gonzalez"
776906,"Alex Tosi"
776980,"Tom Hanahan"
776992,"Lance Barrett"
777005,"Clint Vondrak"
777023,"Alfonso Márquez"
777077,"Brian O'Nora"
777091,"Erich Bacchus"
777112,"Laz Diaz"
777207,"Jim Wolf"
777223,"Alan Porter"
777239,"Alex MacKay"
777360,"Mike Muchlinski"
777372,"Gabe Morales"
777382,"Doug Eddings"
777633,"Will Little"
777641,"John Bacon"
777656,"Lance Barksdale"
777676,"Ryan Wills"
777816,"James Jean"
777837,"Todd Tichenor"
777845,"Nestor Ceja"
777868,"Chris Guccione"
777875,"Chad Whitson"
777896,"Edwin Moscoso"
778105,"Phil Cuzzi"
778126,"Dan Bellino"
778146,"David Rackley"
778160,"Chris Guccione"
778172,"Tom Hanahan"
776883,"John Libka"
776897,"James Jean"
776908,"James Hoye"
776923,"Sean Barber"
777302,"Gabe Morales"
777322,"Doug Eddings"
777340,"Austin Jones"
777722,"Andy Fletcher"
777730,"Malachi Moore"
777743,"Jansen Visconti"
777958,"Mark Ripperger"
777970,"Vic Carapazza"
777984,"Nic Lentz"
778052,"Dan Bellino"
778070,"Jacob Metz"
778083,"Tony Randazzo"
778241,"Andy Fletcher"
778258,"Malachi Moore"
778273,"Jansen Visconti"
778334,"Brian O'Nora"
778341,"Mike Estabrook"
778360,"Derek Thomas"
778427,"D.J. Reyburn"
778436,"James Hoye"
778444,"Sean Barber"
777079,"Chad Whitson"
777094,"David Rackley"
777108,"Chris Guccione"
777778,"Alan Porter"
777793,"Chris Segal"
777801,"Brian Walsh"
778151,"Adam Hamari"
778159,"Todd Tichenor"
778171,"Austin Jones"
777167,"Adrian Johnson"
777178,"Quinn Wolcott"
777191,"Ramon De Jesus"
777545,"Phil Cuzzi"
777558,"Clint Vondrak"
777581,"Dan Bellino"
777678,"Quinn Wolcott"
777697,"Adrian Johnson"
777709,"Paul Clemons"
777962,"Erich Bacchus"
777980,"Laz Diaz"
777995,"Mike Estabrook"
777629,"Charlie Ramos"
777646,"Dan Merzel"
777662,"Laz Diaz"
777775,"Alfonso Márquez"
777795,"Carlos Torres"
777810,"Brock Ballou"
777913,"Adrian Johnson"
777923,"Paul Clemons"
777935,"Ramon De Jesus"
778420,"Quinn Wolcott"
778438,"Adrian Johnson"
778454,"Brian Walsh"
777596,"Tom Hanahan"
777610,"John Libka"
777624,"Sean Barber"
777724,"Ryan Wills"
777741,"Ryan Additon"
777759,"Will Little"
778478,"Derek Thomas"
778491,"Laz Diaz"
778507,"Erich Bacchus"
